time;V(Net-_D1-K_);
0;0;
1e-06;-0.0127951;
2e-06;-0.0255902;
4e-06;-0.0511803;
8e-06;-0.10236;
1.6e-05;-0.20472;
2.52236e-05;-0.322733;
3.45031e-05;-0.441458;
4.36478e-05;-0.558452;
5.29497e-05;-0.67745;
6.22666e-05;-0.796633;
7.16338e-05;-0.916449;
8.10874e-05;-1.03736;
9.17421e-05;-1.17361;
0.000111216;-1.4226;
0.000129573;-1.65724;
0.000166287;-2.12626;
0.000239714;-3.06299;
0.000339714;-4.33479;
0.000439714;-5.60044;
0.000539714;-6.85813;
0.000639714;-8.10608;
0.000739714;-9.3425;
0.000839714;-10.5657;
0.000939714;-11.7738;
0.00103971;-12.9652;
0.00113971;-14.1382;
0.00123971;-15.2911;
0.00133971;-16.4222;
0.00143971;-17.53;
0.00145221;-17.6668;
0.00147721;-17.9391;
0.00152721;-18.479;
0.00162721;-19.5388;
0.00172721;-20.5709;
0.00182721;-21.5738;
0.00192721;-22.546;
0.00202721;-23.4861;
0.00212721;-24.3929;
0.00222721;-25.265;
0.00232721;-26.1012;
0.00242721;-26.9004;
0.00252721;-27.6613;
0.00262721;-28.3828;
0.00272721;-29.0641;
0.00282721;-29.704;
0.00292721;-30.3018;
0.00302721;-30.8565;
0.00312721;-31.3673;
0.00322721;-31.8336;
0.00332721;-32.2546;
0.00342721;-32.6298;
0.00352721;-32.9586;
0.00362721;-33.2406;
0.00372721;-33.4753;
0.00382721;-33.6625;
0.00392721;-33.8018;
0.00402721;-33.8931;
0.00412721;-33.9362;
0.00422721;-33.9312;
0.00432721;-33.8779;
0.00442721;-33.7764;
0.00452721;-33.627;
0.00462721;-33.4297;
0.00472721;-33.185;
0.00482721;-32.8931;
0.00492721;-32.5545;
0.00502721;-32.1696;
0.00512721;-31.7389;
0.00522721;-31.2632;
0.00532721;-30.7431;
0.00542721;-30.1793;
0.00552721;-29.5725;
0.00562721;-28.9238;
0.00572721;-28.234;
0.00582721;-27.504;
0.00592721;-26.7349;
0.00602721;-25.9279;
0.00612721;-25.084;
0.00622721;-24.2045;
0.00632721;-23.2905;
0.00642721;-22.3435;
0.00652721;-21.3647;
0.00662721;-20.3556;
0.00672721;-19.3175;
0.00682721;-18.252;
0.00692721;-17.1606;
0.00702721;-16.0447;
0.00712721;-14.9061;
0.00722721;-13.7463;
0.00732721;-12.5669;
0.00742721;-11.3697;
0.00752721;-10.1563;
0.00762721;-8.92852;
0.00772721;-7.68803;
0.00782721;-6.43662;
0.00792721;-5.17605;
0.00802721;-3.90813;
0.00812721;-2.63466;
0.00822721;-1.35744;
0.00832721;-0.078298;
0.00842721;1.20096;
0.00852721;2.47851;
0.00862721;3.75254;
0.00872721;5.02123;
0.00882721;6.28279;
0.00892721;7.53543;
0.00902721;8.77735;
0.00912721;10.0068;
0.00922721;11.222;
0.00932721;12.4213;
0.00942721;13.6029;
0.00952721;14.7652;
0.00962721;15.9066;
0.00972721;17.0253;
0.00982721;18.1198;
0.00992721;19.1886;
0.0100272;20.2301;
0.0101272;21.2428;
0.0102272;22.2254;
0.0103272;23.1764;
0.0104272;24.0944;
0.0105272;24.9783;
0.0106272;25.8266;
0.0107272;26.6382;
0.0108272;27.4119;
0.0109272;28.1467;
0.0110272;28.8416;
0.0111272;29.4954;
0.0112272;30.1073;
0.0113272;30.6764;
0.0114272;31.2019;
0.0115272;31.6831;
0.0116272;32.1193;
0.0117272;32.5098;
0.0118272;32.8542;
0.0119272;33.1518;
0.0120272;33.4023;
0.0121272;33.6054;
0.0122272;33.7607;
0.0123272;33.868;
0.0124272;33.9272;
0.0125272;33.9382;
0.0126272;33.901;
0.0127272;33.8156;
0.0128272;33.6821;
0.0129272;33.5008;
0.0130272;33.2718;
0.0131272;32.9956;
0.0132272;32.6725;
0.0133272;32.303;
0.0134272;31.8875;
0.0135272;31.4268;
0.0136272;30.9214;
0.0137272;30.372;
0.0138272;29.7795;
0.0139272;29.1447;
0.0140272;28.4684;
0.0141272;27.7517;
0.0142272;26.9956;
0.0143272;26.2011;
0.0144272;25.3693;
0.0145272;24.5015;
0.0146272;23.5989;
0.0147272;22.6628;
0.0148272;21.6944;
0.0149272;20.6953;
0.0150272;19.6667;
0.0151272;18.6102;
0.0152272;17.5272;
0.0153272;16.4193;
0.0154272;15.2881;
0.0155272;14.1351;
0.0156272;12.9621;
0.0157272;11.7707;
0.0158272;10.5625;
0.0159272;9.33929;
0.0160272;8.10283;
0.0161272;6.85486;
0.0162272;5.59715;
0.0163272;4.33148;
0.0164272;3.05966;
0.0165272;1.78349;
0.0166272;0.504782;
0.0167272;-0.77464;
0.0168272;-2.05296;
0.0169272;-3.32836;
0.0170272;-4.59904;
0.0171272;-5.86318;
0.0172272;-7.11898;
0.0173272;-8.36467;
0.0174272;-9.59848;
0.0175272;-10.8186;
0.0176272;-12.0234;
0.0177272;-13.2111;
0.0178272;-14.3801;
0.0179272;-15.5286;
0.0180272;-16.655;
0.0181272;-17.7577;
0.0182272;-18.8353;
0.0183272;-19.886;
0.0184272;-20.9085;
0.0185272;-21.9013;
0.0186272;-22.863;
0.0187272;-23.7922;
0.0188272;-24.6875;
0.0189272;-25.5478;
0.0190272;-26.3718;
0.0191272;-27.1583;
0.0192272;-27.9062;
0.0193272;-28.6145;
0.0194272;-29.2821;
0.0195272;-29.908;
0.0196272;-30.4915;
0.0197272;-31.0317;
0.0198272;-31.5277;
0.0199272;-31.979;
0.0200272;-32.3848;
0.0201272;-32.7445;
0.0202272;-33.0578;
0.0203272;-33.3241;
0.0204272;-33.543;
0.0205272;-33.7142;
0.0206272;-33.8376;
0.0207272;-33.9128;
0.0208272;-33.9399;
0.0209272;-33.9187;
0.0210272;-33.8494;
0.0211272;-33.7319;
0.0212272;-33.5665;
0.0213272;-33.3534;
0.0214272;-33.0929;
0.0215272;-32.7854;
0.0216272;-32.4313;
0.0217272;-32.0311;
0.0218272;-31.5854;
0.0219272;-31.0947;
0.0220272;-30.56;
0.0221272;-29.9817;
0.0222272;-29.3609;
0.0223272;-28.6984;
0.0224272;-27.995;
0.0225272;-27.2519;
0.0226272;-26.4701;
0.0227272;-25.6506;
0.0228272;-24.7947;
0.0229272;-23.9036;
0.0230272;-22.9785;
0.0231272;-22.0207;
0.0232272;-21.0317;
0.0233272;-20.0127;
0.0234272;-18.9653;
0.0235272;-17.891;
0.0236272;-16.7913;
0.0237272;-15.6676;
0.0238272;-14.5218;
0.0239272;-13.3552;
0.0240272;-12.1697;
0.0241272;-10.967;
0.0242272;-9.74858;
0.0243272;-8.51635;
0.0244272;-7.27202;
0.0245272;-6.01736;
0.0246272;-4.75414;
0.0247272;-3.48417;
0.0248272;-2.20925;
0.0249272;-0.931186;
0.0250272;0.348198;
0.0251272;1.62709;
0.0252272;2.90367;
0.0253272;4.17612;
0.0254272;5.44264;
0.0255272;6.70142;
0.0256272;7.95068;
0.0257272;9.18864;
0.0258272;10.4135;
0.0259272;11.6236;
0.0260272;12.8172;
0.0261272;13.9926;
0.0262272;15.1481;
0.0263272;16.2821;
0.0264272;17.3929;
0.0265272;18.479;
0.0266272;19.5388;
0.0267272;20.5709;
0.0268272;21.5738;
0.0269272;22.546;
0.0270272;23.4861;
0.0271272;24.3929;
0.0272272;25.265;
0.0273272;26.1012;
0.0274272;26.9004;
0.0275272;27.6613;
0.0276272;28.3828;
0.0277272;29.0641;
0.0278272;29.704;
0.0279272;30.3018;
0.0280272;30.8565;
0.0281272;31.3673;
0.0282272;31.8336;
0.0283272;32.2546;
0.0284272;32.6298;
0.0285272;32.9586;
0.0286272;33.2406;
0.0287272;33.4753;
0.0288272;33.6625;
0.0289272;33.8018;
0.0290272;33.8931;
0.0291272;33.9362;
0.0292272;33.9312;
0.0293272;33.8779;
0.0294272;33.7764;
0.0295272;33.627;
0.0296272;33.4297;
0.0297272;33.185;
0.0298272;32.8931;
0.0299272;32.5545;
0.0300272;32.1696;
0.0301272;31.7389;
0.0302272;31.2632;
0.0303272;30.7431;
0.0304272;30.1793;
0.0305272;29.5725;
0.0306272;28.9238;
0.0307272;28.234;
0.0308272;27.504;
0.0309272;26.7349;
0.0310272;25.9279;
0.0311272;25.084;
0.0312272;24.2045;
0.0313272;23.2905;
0.0314272;22.3435;
0.0315272;21.3647;
0.0316272;20.3556;
0.0317272;19.3175;
0.0318272;18.252;
0.0319272;17.1606;
0.0320272;16.0447;
0.0321272;14.9061;
0.0322272;13.7463;
0.0323272;12.5669;
0.0324272;11.3697;
0.0325272;10.1563;
0.0326272;8.92852;
0.0327272;7.68803;
0.0328272;6.43662;
0.0329272;5.17605;
0.0330272;3.90813;
0.0331272;2.63466;
0.0332272;1.35744;
0.0333272;0.078298;
0.0334272;-1.20096;
0.0335272;-2.47851;
0.0336272;-3.75254;
0.0337272;-5.02123;
0.0338272;-6.28279;
0.0339272;-7.53543;
0.0340272;-8.77735;
0.0341272;-10.0068;
0.0342272;-11.222;
0.0343272;-12.4213;
0.0344272;-13.6029;
0.0345272;-14.7652;
0.0346272;-15.9066;
0.0347272;-17.0253;
0.0348272;-18.1198;
0.0349272;-19.1886;
0.0350272;-20.2301;
0.0351272;-21.2428;
0.0352272;-22.2254;
0.0353272;-23.1764;
0.0354272;-24.0944;
0.0355272;-24.9783;
0.0356272;-25.8266;
0.0357272;-26.6382;
0.0358272;-27.4119;
0.0359272;-28.1467;
0.0360272;-28.8416;
0.0361272;-29.4954;
0.0362272;-30.1073;
0.0363272;-30.6764;
0.0364272;-31.2019;
0.0365272;-31.6831;
0.0366272;-32.1193;
0.0367272;-32.5098;
0.0368272;-32.8542;
0.0369272;-33.1518;
0.0370272;-33.4023;
0.0371272;-33.6054;
0.0372272;-33.7607;
0.0373272;-33.868;
0.0374272;-33.9272;
0.0375272;-33.9382;
0.0376272;-33.901;
0.0377272;-33.8156;
0.0378272;-33.6821;
0.0379272;-33.5008;
0.0380272;-33.2718;
0.0381272;-32.9956;
0.0382272;-32.6725;
0.0383272;-32.303;
0.0384272;-31.8875;
0.0385272;-31.4268;
0.0386272;-30.9214;
0.0387272;-30.372;
0.0388272;-29.7795;
0.0389272;-29.1447;
0.0390272;-28.4684;
0.0391272;-27.7517;
0.0392272;-26.9956;
0.0393272;-26.2011;
0.0394272;-25.3693;
0.0395272;-24.5015;
0.0396272;-23.5989;
0.0397272;-22.6628;
0.0398272;-21.6944;
0.0399272;-20.6953;
0.0400272;-19.6667;
0.0401272;-18.6102;
0.0402272;-17.5272;
0.0403272;-16.4193;
0.0404272;-15.2881;
0.0405272;-14.1351;
0.0406272;-12.9621;
0.0407272;-11.7707;
0.0408272;-10.5625;
0.0409272;-9.33929;
0.0410272;-8.10283;
0.0411272;-6.85486;
0.0412272;-5.59715;
0.0413272;-4.33148;
0.0414272;-3.05966;
0.0415272;-1.78349;
0.0416272;-0.504782;
0.0417272;0.77464;
0.0418272;2.05296;
0.0419272;3.32836;
0.0420272;4.59904;
0.0421272;5.86318;
0.0422272;7.11898;
0.0423272;8.36467;
0.0424272;9.59848;
0.0425272;10.8186;
0.0426272;12.0234;
0.0427272;13.2111;
0.0428272;14.3801;
0.0429272;15.5286;
0.0430272;16.655;
0.0431272;17.7577;
0.0432272;18.8353;
0.0433272;19.886;
0.0434272;20.9085;
0.0435272;21.9013;
0.0436272;22.863;
0.0437272;23.7922;
0.0438272;24.6875;
0.0439272;25.5478;
0.0440272;26.3718;
0.0441272;27.1583;
0.0442272;27.9062;
0.0443272;28.6145;
0.0444272;29.2821;
0.0445272;29.908;
0.0446272;30.4915;
0.0447272;31.0317;
0.0448272;31.5277;
0.0449272;31.979;
0.0450272;32.3848;
0.0451272;32.7445;
0.0452272;33.0578;
0.0453272;33.3241;
0.0454272;33.543;
0.0455272;33.7142;
0.0456272;33.8376;
0.0457272;33.9128;
0.0458272;33.9399;
0.0459272;33.9187;
0.0460272;33.8494;
0.0461272;33.7319;
0.0462272;33.5665;
0.0463272;33.3534;
0.0464272;33.0929;
0.0465272;32.7854;
0.0466272;32.4313;
0.0467272;32.0311;
0.0468272;31.5854;
0.0469272;31.0947;
0.0470272;30.56;
0.0471272;29.9817;
0.0472272;29.3609;
0.0473272;28.6984;
0.0474272;27.995;
0.0475272;27.2519;
0.0476272;26.4701;
0.0477272;25.6506;
0.0478272;24.7947;
0.0479272;23.9036;
0.0480272;22.9785;
0.0481272;22.0207;
0.0482272;21.0317;
0.0483272;20.0127;
0.0484272;18.9653;
0.0485272;17.891;
0.0486272;16.7913;
0.0487272;15.6676;
0.0488272;14.5218;
0.0489272;13.3552;
0.0490272;12.1697;
0.0491272;10.967;
0.0492272;9.74858;
0.0493272;8.51635;
0.0494272;7.27202;
0.0495272;6.01736;
0.0496272;4.75414;
0.0497272;3.48417;
0.0498272;2.20925;
0.0499272;0.931186;
0.0500272;-0.348198;
0.0501272;-1.62709;
0.0502272;-2.90367;
0.0503272;-4.17612;
0.0504272;-5.44264;
0.0505272;-6.70142;
0.0506272;-7.95068;
0.0507272;-9.18864;
0.0508272;-10.4135;
0.0509272;-11.6236;
0.0510272;-12.8172;
0.0511272;-13.9926;
0.0512272;-15.1481;
0.0513272;-16.2821;
0.0514272;-17.3929;
0.0515272;-18.479;
0.0516272;-19.5388;
0.0517272;-20.5709;
0.0518272;-21.5738;
0.0519272;-22.546;
0.0520272;-23.4861;
0.0521272;-24.3929;
0.0522272;-25.265;
0.0523272;-26.1012;
0.0524272;-26.9004;
0.0525272;-27.6613;
0.0526272;-28.3828;
0.0527272;-29.0641;
0.0528272;-29.704;
0.0529272;-30.3018;
0.0530272;-30.8565;
0.0531272;-31.3673;
0.0532272;-31.8336;
0.0533272;-32.2546;
0.0534272;-32.6298;
0.0535272;-32.9586;
0.0536272;-33.2406;
0.0537272;-33.4753;
0.0538272;-33.6625;
0.0539272;-33.8018;
0.0540272;-33.8931;
0.0541272;-33.9362;
0.0542272;-33.9312;
0.0543272;-33.8779;
0.0544272;-33.7764;
0.0545272;-33.627;
0.0546272;-33.4297;
0.0547272;-33.185;
0.0548272;-32.8931;
0.0549272;-32.5545;
0.0550272;-32.1696;
0.0551272;-31.7389;
0.0552272;-31.2632;
0.0553272;-30.7431;
0.0554272;-30.1793;
0.0555272;-29.5725;
0.0556272;-28.9238;
0.0557272;-28.234;
0.0558272;-27.504;
0.0559272;-26.7349;
0.0560272;-25.9279;
0.0561272;-25.084;
0.0562272;-24.2045;
0.0563272;-23.2905;
0.0564272;-22.3435;
0.0565272;-21.3647;
0.0566272;-20.3556;
0.0567272;-19.3175;
0.0568272;-18.252;
0.0569272;-17.1606;
0.0570272;-16.0447;
0.0571272;-14.9061;
0.0572272;-13.7463;
0.0573272;-12.5669;
0.0574272;-11.3697;
0.0575272;-10.1563;
0.0576272;-8.92852;
0.0577272;-7.68803;
0.0578272;-6.43662;
0.0579272;-5.17605;
0.0580272;-3.90813;
0.0581272;-2.63466;
0.0582272;-1.35744;
0.0583272;-0.078298;
0.0584272;1.20096;
0.0585272;2.47851;
0.0586272;3.75254;
0.0587272;5.02123;
0.0588272;6.28279;
0.0589272;7.53543;
0.0590272;8.77735;
0.0591272;10.0068;
0.0592272;11.222;
0.0593272;12.4213;
0.0594272;13.6029;
0.0595272;14.7652;
0.0596272;15.9066;
0.0597272;17.0253;
0.0598272;18.1198;
0.0599272;19.1886;
0.0600272;20.2301;
0.0601272;21.2428;
0.0602272;22.2254;
0.0603272;23.1764;
0.0604272;24.0944;
0.0605272;24.9783;
0.0606272;25.8266;
0.0607272;26.6382;
0.0608272;27.4119;
0.0609272;28.1467;
0.0610272;28.8416;
0.0611272;29.4954;
0.0612272;30.1073;
0.0613272;30.6764;
0.0614272;31.2019;
0.0615272;31.6831;
0.0616272;32.1193;
0.0617272;32.5098;
0.0618272;32.8542;
0.0619272;33.1518;
0.0620272;33.4023;
0.0621272;33.6054;
0.0622272;33.7607;
0.0623272;33.868;
0.0624272;33.9272;
0.0625272;33.9382;
0.0626272;33.901;
0.0627272;33.8156;
0.0628272;33.6821;
0.0629272;33.5008;
0.0630272;33.2718;
0.0631272;32.9956;
0.0632272;32.6725;
0.0633272;32.303;
0.0634272;31.8875;
0.0635272;31.4268;
0.0636272;30.9214;
0.0637272;30.372;
0.0638272;29.7795;
0.0639272;29.1447;
0.0640272;28.4684;
0.0641272;27.7517;
0.0642272;26.9956;
0.0643272;26.2011;
0.0644272;25.3693;
0.0645272;24.5015;
0.0646272;23.5989;
0.0647272;22.6628;
0.0648272;21.6944;
0.0649272;20.6953;
0.0650272;19.6667;
0.0651272;18.6102;
0.0652272;17.5272;
0.0653272;16.4193;
0.0654272;15.2881;
0.0655272;14.1351;
0.0656272;12.9621;
0.0657272;11.7707;
0.0658272;10.5625;
0.0659272;9.33929;
0.0660272;8.10283;
0.0661272;6.85486;
0.0662272;5.59715;
0.0663272;4.33148;
0.0664272;3.05966;
0.0665272;1.78349;
0.0666272;0.504782;
0.0667272;-0.77464;
0.0668272;-2.05296;
0.0669272;-3.32836;
0.0670272;-4.59904;
0.0671272;-5.86318;
0.0672272;-7.11898;
0.0673272;-8.36467;
0.0674272;-9.59848;
0.0675272;-10.8186;
0.0676272;-12.0234;
0.0677272;-13.2111;
0.0678272;-14.3801;
0.0679272;-15.5286;
0.0680272;-16.655;
0.0681272;-17.7577;
0.0682272;-18.8353;
0.0683272;-19.886;
0.0684272;-20.9085;
0.0685272;-21.9013;
0.0686272;-22.863;
0.0687272;-23.7922;
0.0688272;-24.6875;
0.0689272;-25.5478;
0.0690272;-26.3718;
0.0691272;-27.1583;
0.0692272;-27.9062;
0.0693272;-28.6145;
0.0694272;-29.2821;
0.0695272;-29.908;
0.0696272;-30.4915;
0.0697272;-31.0317;
0.0698272;-31.5277;
0.0699272;-31.979;
0.0700272;-32.3848;
0.0701272;-32.7445;
0.0702272;-33.0578;
0.0703272;-33.3241;
0.0704272;-33.543;
0.0705272;-33.7142;
0.0706272;-33.8376;
0.0707272;-33.9128;
0.0708272;-33.9399;
0.0709272;-33.9187;
0.0710272;-33.8494;
0.0711272;-33.7319;
0.0712272;-33.5665;
0.0713272;-33.3534;
0.0714272;-33.0929;
0.0715272;-32.7854;
0.0716272;-32.4313;
0.0717272;-32.0311;
0.0718272;-31.5854;
0.0719272;-31.0947;
0.0720272;-30.56;
0.0721272;-29.9817;
0.0722272;-29.3609;
0.0723272;-28.6984;
0.0724272;-27.995;
0.0725272;-27.2519;
0.0726272;-26.4701;
0.0727272;-25.6506;
0.0728272;-24.7947;
0.0729272;-23.9036;
0.0730272;-22.9785;
0.0731272;-22.0207;
0.0732272;-21.0317;
0.0733272;-20.0127;
0.0734272;-18.9653;
0.0735272;-17.891;
0.0736272;-16.7913;
0.0737272;-15.6676;
0.0738272;-14.5218;
0.0739272;-13.3552;
0.0740272;-12.1697;
0.0741272;-10.967;
0.0742272;-9.74858;
0.0743272;-8.51635;
0.0744272;-7.27202;
0.0745272;-6.01736;
0.0746272;-4.75414;
0.0747272;-3.48417;
0.0748272;-2.20925;
0.0749272;-0.931186;
0.0750272;0.348198;
0.0751272;1.62709;
0.0752272;2.90367;
0.0753272;4.17612;
0.0754272;5.44264;
0.0755272;6.70142;
0.0756272;7.95068;
0.0757272;9.18864;
0.0758272;10.4135;
0.0759272;11.6236;
0.0760272;12.8172;
0.0761272;13.9926;
0.0762272;15.1481;
0.0763272;16.2821;
0.0764272;17.3929;
0.0765272;18.479;
0.0766272;19.5388;
0.0767272;20.5709;
0.0768272;21.5738;
0.0769272;22.546;
0.0770272;23.4861;
0.0771272;24.3929;
0.0772272;25.265;
0.0773272;26.1012;
0.0774272;26.9004;
0.0775272;27.6613;
0.0776272;28.3828;
0.0777272;29.0641;
0.0778272;29.704;
0.0779272;30.3018;
0.0780272;30.8565;
0.0781272;31.3673;
0.0782272;31.8336;
0.0783272;32.2546;
0.0784272;32.6298;
0.0785272;32.9586;
0.0786272;33.2406;
0.0787272;33.4753;
0.0788272;33.6625;
0.0789272;33.8018;
0.0790272;33.8931;
0.0791272;33.9362;
0.0792272;33.9312;
0.0793272;33.8779;
0.0794272;33.7764;
0.0795272;33.627;
0.0796272;33.4297;
0.0797272;33.185;
0.0798272;32.8931;
0.0799272;32.5545;
0.0800272;32.1696;
0.0801272;31.7389;
0.0802272;31.2632;
0.0803272;30.7431;
0.0804272;30.1793;
0.0805272;29.5725;
0.0806272;28.9238;
0.0807272;28.234;
0.0808272;27.504;
0.0809272;26.7349;
0.0810272;25.9279;
0.0811272;25.084;
0.0812272;24.2045;
0.0813272;23.2905;
0.0814272;22.3435;
0.0815272;21.3647;
0.0816272;20.3556;
0.0817272;19.3175;
0.0818272;18.252;
0.0819272;17.1606;
0.0820272;16.0447;
0.0821272;14.9061;
0.0822272;13.7463;
0.0823272;12.5669;
0.0824272;11.3697;
0.0825272;10.1563;
0.0826272;8.92852;
0.0827272;7.68803;
0.0828272;6.43662;
0.0829272;5.17605;
0.0830272;3.90813;
0.0831272;2.63466;
0.0832272;1.35744;
0.0833272;0.078298;
0.0834272;-1.20096;
0.0835272;-2.47851;
0.0836272;-3.75254;
0.0837272;-5.02123;
0.0838272;-6.28279;
0.0839272;-7.53543;
0.0840272;-8.77735;
0.0841272;-10.0068;
0.0842272;-11.222;
0.0843272;-12.4213;
0.0844272;-13.6029;
0.0845272;-14.7652;
0.0846272;-15.9066;
0.0847272;-17.0253;
0.0848272;-18.1198;
0.0849272;-19.1886;
0.0850272;-20.2301;
0.0851272;-21.2428;
0.0852272;-22.2254;
0.0853272;-23.1764;
0.0854272;-24.0944;
0.0855272;-24.9783;
0.0856272;-25.8266;
0.0857272;-26.6382;
0.0858272;-27.4119;
0.0859272;-28.1467;
0.0860272;-28.8416;
0.0861272;-29.4954;
0.0862272;-30.1073;
0.0863272;-30.6764;
0.0864272;-31.2019;
0.0865272;-31.6831;
0.0866272;-32.1193;
0.0867272;-32.5098;
0.0868272;-32.8542;
0.0869272;-33.1518;
0.0870272;-33.4023;
0.0871272;-33.6054;
0.0872272;-33.7607;
0.0873272;-33.868;
0.0874272;-33.9272;
0.0875272;-33.9382;
0.0876272;-33.901;
0.0877272;-33.8156;
0.0878272;-33.6821;
0.0879272;-33.5008;
0.0880272;-33.2718;
0.0881272;-32.9956;
0.0882272;-32.6725;
0.0883272;-32.303;
0.0884272;-31.8875;
0.0885272;-31.4268;
0.0886272;-30.9214;
0.0887272;-30.372;
0.0888272;-29.7795;
0.0889272;-29.1447;
0.0890272;-28.4684;
0.0891272;-27.7517;
0.0892272;-26.9956;
0.0893272;-26.2011;
0.0894272;-25.3693;
0.0895272;-24.5015;
0.0896272;-23.5989;
0.0897272;-22.6628;
0.0898272;-21.6944;
0.0899272;-20.6953;
0.0900272;-19.6667;
0.0901272;-18.6102;
0.0902272;-17.5272;
0.0903272;-16.4193;
0.0904272;-15.2881;
0.0905272;-14.1351;
0.0906272;-12.9621;
0.0907272;-11.7707;
0.0908272;-10.5625;
0.0909272;-9.33929;
0.0910272;-8.10283;
0.0911272;-6.85486;
0.0912272;-5.59715;
0.0913272;-4.33148;
0.0914272;-3.05966;
0.0915272;-1.78349;
0.0916272;-0.504782;
0.0917272;0.77464;
0.0918272;2.05296;
0.0919272;3.32836;
0.0920272;4.59904;
0.0921272;5.86318;
0.0922272;7.11898;
0.0923272;8.36467;
0.0924272;9.59848;
0.0925272;10.8186;
0.0926272;12.0234;
0.0927272;13.2111;
0.0928272;14.3801;
0.0929272;15.5286;
0.0930272;16.655;
0.0931272;17.7577;
0.0932272;18.8353;
0.0933272;19.886;
0.0934272;20.9085;
0.0935272;21.9013;
0.0936272;22.863;
0.0937272;23.7922;
0.0938272;24.6875;
0.0939272;25.5478;
0.0940272;26.3718;
0.0941272;27.1583;
0.0942272;27.9062;
0.0943272;28.6145;
0.0944272;29.2821;
0.0945272;29.908;
0.0946272;30.4915;
0.0947272;31.0317;
0.0948272;31.5277;
0.0949272;31.979;
0.0950272;32.3848;
0.0951272;32.7445;
0.0952272;33.0578;
0.0953272;33.3241;
0.0954272;33.543;
0.0955272;33.7142;
0.0956272;33.8376;
0.0957272;33.9128;
0.0958272;33.9399;
0.0959272;33.9187;
0.0960272;33.8494;
0.0961272;33.7319;
0.0962272;33.5665;
0.0963272;33.3534;
0.0964272;33.0929;
0.0965272;32.7854;
0.0966272;32.4313;
0.0967272;32.0311;
0.0968272;31.5854;
0.0969272;31.0947;
0.0970272;30.56;
0.0971272;29.9817;
0.0972272;29.3609;
0.0973272;28.6984;
0.0974272;27.995;
0.0975272;27.2519;
0.0976272;26.4701;
0.0977272;25.6506;
0.0978272;24.7947;
0.0979272;23.9036;
0.0980272;22.9785;
0.0981272;22.0207;
0.0982272;21.0317;
0.0983272;20.0127;
0.0984272;18.9653;
0.0985272;17.891;
0.0986272;16.7913;
0.0987272;15.6676;
0.0988272;14.5218;
0.0989272;13.3552;
0.0990272;12.1697;
0.0991272;10.967;
0.0992272;9.74858;
0.0993272;8.51635;
0.0994272;7.27202;
0.0995272;6.01736;
0.0996272;4.75414;
0.0997272;3.48417;
0.0998272;2.20925;
0.0999136;1.10521;
0.1;4.98774e-14;
