time;V(Net-_J2-Pin_1_);
0;-4;
1e-06;-4;
2e-06;-4;
4e-06;-4;
8e-06;-4;
1.6e-05;-4;
2.52236e-05;-4;
3.45031e-05;-4;
4.36478e-05;-4;
5.29497e-05;-4;
6.22666e-05;-3.99976;
7.16338e-05;-3.98558;
8.10874e-05;-3.90489;
9.17421e-05;-3.76488;
0.000111216;-3.5179;
0.000129573;-3.28196;
0.000166287;-2.81384;
0.000239714;-1.87629;
0.000339714;-0.60508;
0.000439714;0.661364;
0.000539714;1.91863;
0.000639714;3.16735;
0.000739714;4.40352;
0.000839714;5;
0.000939714;5;
0.00103971;5;
0.00113971;5;
0.00123971;5;
0.00133971;5;
0.00143971;5;
0.00145221;5;
0.00147721;5;
0.00152721;5;
0.00162721;5;
0.00172721;5;
0.00182721;5;
0.00192721;5;
0.00202721;5;
0.00212721;5;
0.00222721;5;
0.00232721;5;
0.00242721;5;
0.00252721;5;
0.00262721;5;
0.00272721;5;
0.00282721;5;
0.00292721;5;
0.00302721;5;
0.00312721;5;
0.00322721;5;
0.00332721;5;
0.00342721;5;
0.00352721;5;
0.00362721;5;
0.00372721;5;
0.00382721;5;
0.00392721;5;
0.00402721;5;
0.00412721;5;
0.00422721;5;
0.00432721;5;
0.00442721;5;
0.00452721;5;
0.00462721;5;
0.00472721;5;
0.00482721;5;
0.00492721;5;
0.00502721;5;
0.00512721;5;
0.00522721;5;
0.00532721;5;
0.00542721;5;
0.00552721;5;
0.00562721;5;
0.00572721;5;
0.00582721;5;
0.00592721;5;
0.00602721;5;
0.00612721;5;
0.00622721;5;
0.00632721;5;
0.00642721;5;
0.00652721;5;
0.00662721;5;
0.00672721;5;
0.00682721;5;
0.00692721;5;
0.00702721;5;
0.00712721;5;
0.00722721;5;
0.00732721;5;
0.00742721;5;
0.00752721;5;
0.00762721;5;
0.00772721;5;
0.00782721;5;
0.00792721;5;
0.00802721;5;
0.00812721;5;
0.00822721;5;
0.00832721;5;
0.00842721;5;
0.00852721;5;
0.00862721;5;
0.00872721;5;
0.00882721;5;
0.00892721;5;
0.00902721;5;
0.00912721;5;
0.00922721;5;
0.00932721;5;
0.00942721;5;
0.00952721;5;
0.00962721;5;
0.00972721;5;
0.00982721;5;
0.00992721;5;
0.0100272;5;
0.0101272;5;
0.0102272;5;
0.0103272;5;
0.0104272;5;
0.0105272;5;
0.0106272;5;
0.0107272;5;
0.0108272;5;
0.0109272;5;
0.0110272;5;
0.0111272;5;
0.0112272;5;
0.0113272;5;
0.0114272;5;
0.0115272;5;
0.0116272;5;
0.0117272;5;
0.0118272;5;
0.0119272;5;
0.0120272;5;
0.0121272;5;
0.0122272;5;
0.0123272;5;
0.0124272;5;
0.0125272;5;
0.0126272;5;
0.0127272;5;
0.0128272;5;
0.0129272;5;
0.0130272;5;
0.0131272;5;
0.0132272;5;
0.0133272;5;
0.0134272;5;
0.0135272;5;
0.0136272;5;
0.0137272;5;
0.0138272;5;
0.0139272;5;
0.0140272;5;
0.0141272;5;
0.0142272;5;
0.0143272;5;
0.0144272;5;
0.0145272;5;
0.0146272;5;
0.0147272;5;
0.0148272;5;
0.0149272;5;
0.0150272;5;
0.0151272;5;
0.0152272;5;
0.0153272;5;
0.0154272;5;
0.0155272;5;
0.0156272;5;
0.0157272;5;
0.0158272;5;
0.0159272;5;
0.0160272;5;
0.0161272;5;
0.0162272;5;
0.0163272;5;
0.0164272;5;
0.0165272;5;
0.0166272;5;
0.0167272;5;
0.0168272;5;
0.0169272;5;
0.0170272;5;
0.0171272;5;
0.0172272;5;
0.0173272;5;
0.0174272;5;
0.0175272;5;
0.0176272;5;
0.0177272;5;
0.0178272;5;
0.0179272;5;
0.0180272;5;
0.0181272;5;
0.0182272;5;
0.0183272;5;
0.0184272;5;
0.0185272;5;
0.0186272;5;
0.0187272;5;
0.0188272;5;
0.0189272;5;
0.0190272;5;
0.0191272;5;
0.0192272;5;
0.0193272;5;
0.0194272;5;
0.0195272;5;
0.0196272;5;
0.0197272;5;
0.0198272;5;
0.0199272;5;
0.0200272;5;
0.0201272;5;
0.0202272;5;
0.0203272;5;
0.0204272;5;
0.0205272;5;
0.0206272;5;
0.0207272;5;
0.0208272;5;
0.0209272;5;
0.0210272;5;
0.0211272;5;
0.0212272;5;
0.0213272;5;
0.0214272;5;
0.0215272;5;
0.0216272;5;
0.0217272;5;
0.0218272;5;
0.0219272;5;
0.0220272;5;
0.0221272;5;
0.0222272;5;
0.0223272;5;
0.0224272;5;
0.0225272;5;
0.0226272;5;
0.0227272;5;
0.0228272;5;
0.0229272;5;
0.0230272;5;
0.0231272;5;
0.0232272;5;
0.0233272;5;
0.0234272;5;
0.0235272;5;
0.0236272;5;
0.0237272;5;
0.0238272;5;
0.0239272;5;
0.0240272;5;
0.0241272;5;
0.0242272;5;
0.0243272;5;
0.0244272;5;
0.0245272;5;
0.0246272;5;
0.0247272;5;
0.0248272;5;
0.0249272;5;
0.0250272;5;
0.0251272;5;
0.0252272;5;
0.0253272;5;
0.0254272;5;
0.0255272;5;
0.0256272;5;
0.0257272;5;
0.0258272;5;
0.0259272;5;
0.0260272;5;
0.0261272;5;
0.0262272;5;
0.0263272;5;
0.0264272;5;
0.0265272;5;
0.0266272;5;
0.0267272;5;
0.0268272;5;
0.0269272;5;
0.0270272;5;
0.0271272;5;
0.0272272;5;
0.0273272;5;
0.0274272;5;
0.0275272;5;
0.0276272;5;
0.0277272;5;
0.0278272;5;
0.0279272;5;
0.0280272;5;
0.0281272;5;
0.0282272;5;
0.0283272;5;
0.0284272;5;
0.0285272;5;
0.0286272;5;
0.0287272;5;
0.0288272;5;
0.0289272;5;
0.0290272;5;
0.0291272;5;
0.0292272;5;
0.0293272;5;
0.0294272;5;
0.0295272;5;
0.0296272;5;
0.0297272;5;
0.0298272;5;
0.0299272;5;
0.0300272;5;
0.0301272;5;
0.0302272;5;
0.0303272;5;
0.0304272;5;
0.0305272;5;
0.0306272;5;
0.0307272;5;
0.0308272;5;
0.0309272;5;
0.0310272;5;
0.0311272;5;
0.0312272;5;
0.0313272;5;
0.0314272;5;
0.0315272;5;
0.0316272;5;
0.0317272;5;
0.0318272;5;
0.0319272;5;
0.0320272;5;
0.0321272;5;
0.0322272;5;
0.0323272;5;
0.0324272;5;
0.0325272;5;
0.0326272;5;
0.0327272;5;
0.0328272;5;
0.0329272;5;
0.0330272;5;
0.0331272;5;
0.0332272;5;
0.0333272;5;
0.0334272;5;
0.0335272;5;
0.0336272;5;
0.0337272;5;
0.0338272;5;
0.0339272;5;
0.0340272;5;
0.0341272;5;
0.0342272;5;
0.0343272;5;
0.0344272;5;
0.0345272;5;
0.0346272;5;
0.0347272;5;
0.0348272;5;
0.0349272;5;
0.0350272;5;
0.0351272;5;
0.0352272;5;
0.0353272;5;
0.0354272;5;
0.0355272;5;
0.0356272;5;
0.0357272;5;
0.0358272;5;
0.0359272;5;
0.0360272;5;
0.0361272;5;
0.0362272;5;
0.0363272;5;
0.0364272;5;
0.0365272;5;
0.0366272;5;
0.0367272;5;
0.0368272;5;
0.0369272;5;
0.0370272;5;
0.0371272;5;
0.0372272;5;
0.0373272;5;
0.0374272;5;
0.0375272;5;
0.0376272;5;
0.0377272;5;
0.0378272;5;
0.0379272;5;
0.0380272;5;
0.0381272;5;
0.0382272;5;
0.0383272;5;
0.0384272;5;
0.0385272;5;
0.0386272;5;
0.0387272;5;
0.0388272;5;
0.0389272;5;
0.0390272;5;
0.0391272;5;
0.0392272;5;
0.0393272;5;
0.0394272;5;
0.0395272;5;
0.0396272;5;
0.0397272;5;
0.0398272;5;
0.0399272;5;
0.0400272;5;
0.0401272;5;
0.0402272;5;
0.0403272;5;
0.0404272;5;
0.0405272;5;
0.0406272;5;
0.0407272;5;
0.0408272;5;
0.0409272;5;
0.0410272;5;
0.0411272;5;
0.0412272;5;
0.0413272;5;
0.0414272;5;
0.0415272;5;
0.0416272;5;
0.0417272;5;
0.0418272;5;
0.0419272;5;
0.0420272;5;
0.0421272;5;
0.0422272;5;
0.0423272;5;
0.0424272;5;
0.0425272;5;
0.0426272;5;
0.0427272;5;
0.0428272;5;
0.0429272;5;
0.0430272;5;
0.0431272;5;
0.0432272;5;
0.0433272;5;
0.0434272;5;
0.0435272;5;
0.0436272;5;
0.0437272;5;
0.0438272;5;
0.0439272;5;
0.0440272;5;
0.0441272;5;
0.0442272;5;
0.0443272;5;
0.0444272;5;
0.0445272;5;
0.0446272;5;
0.0447272;5;
0.0448272;5;
0.0449272;5;
0.0450272;5;
0.0451272;5;
0.0452272;5;
0.0453272;5;
0.0454272;5;
0.0455272;5;
0.0456272;5;
0.0457272;5;
0.0458272;5;
0.0459272;5;
0.0460272;5;
0.0461272;5;
0.0462272;5;
0.0463272;5;
0.0464272;5;
0.0465272;5;
0.0466272;5;
0.0467272;5;
0.0468272;5;
0.0469272;5;
0.0470272;5;
0.0471272;5;
0.0472272;5;
0.0473272;5;
0.0474272;5;
0.0475272;5;
0.0476272;5;
0.0477272;5;
0.0478272;5;
0.0479272;5;
0.0480272;5;
0.0481272;5;
0.0482272;5;
0.0483272;5;
0.0484272;5;
0.0485272;5;
0.0486272;5;
0.0487272;5;
0.0488272;5;
0.0489272;5;
0.0490272;5;
0.0491272;5;
0.0492272;5;
0.0493272;5;
0.0494272;5;
0.0495272;5;
0.0496272;5;
0.0497272;5;
0.0498272;5;
0.0499272;5;
0.0500272;5;
0.0501272;5;
0.0502272;5;
0.0503272;5;
0.0504272;5;
0.0505272;5;
0.0506272;5;
0.0507272;5;
0.0508272;5;
0.0509272;5;
0.0510272;5;
0.0511272;5;
0.0512272;5;
0.0513272;5;
0.0514272;5;
0.0515272;5;
0.0516272;5;
0.0517272;5;
0.0518272;5;
0.0519272;5;
0.0520272;5;
0.0521272;5;
0.0522272;5;
0.0523272;5;
0.0524272;5;
0.0525272;5;
0.0526272;5;
0.0527272;5;
0.0528272;5;
0.0529272;5;
0.0530272;5;
0.0531272;5;
0.0532272;5;
0.0533272;5;
0.0534272;5;
0.0535272;5;
0.0536272;5;
0.0537272;5;
0.0538272;5;
0.0539272;5;
0.0540272;5;
0.0541272;5;
0.0542272;5;
0.0543272;5;
0.0544272;5;
0.0545272;5;
0.0546272;5;
0.0547272;5;
0.0548272;5;
0.0549272;5;
0.0550272;5;
0.0551272;5;
0.0552272;5;
0.0553272;5;
0.0554272;5;
0.0555272;5;
0.0556272;5;
0.0557272;5;
0.0558272;5;
0.0559272;5;
0.0560272;5;
0.0561272;5;
0.0562272;5;
0.0563272;5;
0.0564272;5;
0.0565272;5;
0.0566272;5;
0.0567272;5;
0.0568272;5;
0.0569272;5;
0.0570272;5;
0.0571272;5;
0.0572272;5;
0.0573272;5;
0.0574272;5;
0.0575272;5;
0.0576272;5;
0.0577272;5;
0.0578272;5;
0.0579272;5;
0.0580272;5;
0.0581272;5;
0.0582272;5;
0.0583272;5;
0.0584272;5;
0.0585272;5;
0.0586272;5;
0.0587272;5;
0.0588272;5;
0.0589272;5;
0.0590272;5;
0.0591272;5;
0.0592272;5;
0.0593272;5;
0.0594272;5;
0.0595272;5;
0.0596272;5;
0.0597272;5;
0.0598272;5;
0.0599272;5;
0.0600272;5;
0.0601272;5;
0.0602272;5;
0.0603272;5;
0.0604272;5;
0.0605272;5;
0.0606272;5;
0.0607272;5;
0.0608272;5;
0.0609272;5;
0.0610272;5;
0.0611272;5;
0.0612272;5;
0.0613272;5;
0.0614272;5;
0.0615272;5;
0.0616272;5;
0.0617272;5;
0.0618272;5;
0.0619272;5;
0.0620272;5;
0.0621272;5;
0.0622272;5;
0.0623272;5;
0.0624272;5;
0.0625272;5;
0.0626272;5;
0.0627272;5;
0.0628272;5;
0.0629272;5;
0.0630272;5;
0.0631272;5;
0.0632272;5;
0.0633272;5;
0.0634272;5;
0.0635272;5;
0.0636272;5;
0.0637272;5;
0.0638272;5;
0.0639272;5;
0.0640272;5;
0.0641272;5;
0.0642272;5;
0.0643272;5;
0.0644272;5;
0.0645272;5;
0.0646272;5;
0.0647272;5;
0.0648272;5;
0.0649272;5;
0.0650272;5;
0.0651272;5;
0.0652272;5;
0.0653272;5;
0.0654272;5;
0.0655272;5;
0.0656272;5;
0.0657272;5;
0.0658272;5;
0.0659272;5;
0.0660272;5;
0.0661272;5;
0.0662272;5;
0.0663272;5;
0.0664272;5;
0.0665272;5;
0.0666272;5;
0.0667272;5;
0.0668272;5;
0.0669272;5;
0.0670272;5;
0.0671272;5;
0.0672272;5;
0.0673272;5;
0.0674272;5;
0.0675272;5;
0.0676272;5;
0.0677272;5;
0.0678272;5;
0.0679272;5;
0.0680272;5;
0.0681272;5;
0.0682272;5;
0.0683272;5;
0.0684272;5;
0.0685272;5;
0.0686272;5;
0.0687272;5;
0.0688272;5;
0.0689272;5;
0.0690272;5;
0.0691272;5;
0.0692272;5;
0.0693272;5;
0.0694272;5;
0.0695272;5;
0.0696272;5;
0.0697272;5;
0.0698272;5;
0.0699272;5;
0.0700272;5;
0.0701272;5;
0.0702272;5;
0.0703272;5;
0.0704272;5;
0.0705272;5;
0.0706272;5;
0.0707272;5;
0.0708272;5;
0.0709272;5;
0.0710272;5;
0.0711272;5;
0.0712272;5;
0.0713272;5;
0.0714272;5;
0.0715272;5;
0.0716272;5;
0.0717272;5;
0.0718272;5;
0.0719272;5;
0.0720272;5;
0.0721272;5;
0.0722272;5;
0.0723272;5;
0.0724272;5;
0.0725272;5;
0.0726272;5;
0.0727272;5;
0.0728272;5;
0.0729272;5;
0.0730272;5;
0.0731272;5;
0.0732272;5;
0.0733272;5;
0.0734272;5;
0.0735272;5;
0.0736272;5;
0.0737272;5;
0.0738272;5;
0.0739272;5;
0.0740272;5;
0.0741272;5;
0.0742272;5;
0.0743272;5;
0.0744272;5;
0.0745272;5;
0.0746272;5;
0.0747272;5;
0.0748272;5;
0.0749272;5;
0.0750272;5;
0.0751272;5;
0.0752272;5;
0.0753272;5;
0.0754272;5;
0.0755272;5;
0.0756272;5;
0.0757272;5;
0.0758272;5;
0.0759272;5;
0.0760272;5;
0.0761272;5;
0.0762272;5;
0.0763272;5;
0.0764272;5;
0.0765272;5;
0.0766272;5;
0.0767272;5;
0.0768272;5;
0.0769272;5;
0.0770272;5;
0.0771272;5;
0.0772272;5;
0.0773272;5;
0.0774272;5;
0.0775272;5;
0.0776272;5;
0.0777272;5;
0.0778272;5;
0.0779272;5;
0.0780272;5;
0.0781272;5;
0.0782272;5;
0.0783272;5;
0.0784272;5;
0.0785272;5;
0.0786272;5;
0.0787272;5;
0.0788272;5;
0.0789272;5;
0.0790272;5;
0.0791272;5;
0.0792272;5;
0.0793272;5;
0.0794272;5;
0.0795272;5;
0.0796272;5;
0.0797272;5;
0.0798272;5;
0.0799272;5;
0.0800272;5;
0.0801272;5;
0.0802272;5;
0.0803272;5;
0.0804272;5;
0.0805272;5;
0.0806272;5;
0.0807272;5;
0.0808272;5;
0.0809272;5;
0.0810272;5;
0.0811272;5;
0.0812272;5;
0.0813272;5;
0.0814272;5;
0.0815272;5;
0.0816272;5;
0.0817272;5;
0.0818272;5;
0.0819272;5;
0.0820272;5;
0.0821272;5;
0.0822272;5;
0.0823272;5;
0.0824272;5;
0.0825272;5;
0.0826272;5;
0.0827272;5;
0.0828272;5;
0.0829272;5;
0.0830272;5;
0.0831272;5;
0.0832272;5;
0.0833272;5;
0.0834272;5;
0.0835272;5;
0.0836272;5;
0.0837272;5;
0.0838272;5;
0.0839272;5;
0.0840272;5;
0.0841272;5;
0.0842272;5;
0.0843272;5;
0.0844272;5;
0.0845272;5;
0.0846272;5;
0.0847272;5;
0.0848272;5;
0.0849272;5;
0.0850272;5;
0.0851272;5;
0.0852272;5;
0.0853272;5;
0.0854272;5;
0.0855272;5;
0.0856272;5;
0.0857272;5;
0.0858272;5;
0.0859272;5;
0.0860272;5;
0.0861272;5;
0.0862272;5;
0.0863272;5;
0.0864272;5;
0.0865272;5;
0.0866272;5;
0.0867272;5;
0.0868272;5;
0.0869272;5;
0.0870272;5;
0.0871272;5;
0.0872272;5;
0.0873272;5;
0.0874272;5;
0.0875272;5;
0.0876272;5;
0.0877272;5;
0.0878272;5;
0.0879272;5;
0.0880272;5;
0.0881272;5;
0.0882272;5;
0.0883272;5;
0.0884272;5;
0.0885272;5;
0.0886272;5;
0.0887272;5;
0.0888272;5;
0.0889272;5;
0.0890272;5;
0.0891272;5;
0.0892272;5;
0.0893272;5;
0.0894272;5;
0.0895272;5;
0.0896272;5;
0.0897272;5;
0.0898272;5;
0.0899272;5;
0.0900272;5;
0.0901272;5;
0.0902272;5;
0.0903272;5;
0.0904272;5;
0.0905272;5;
0.0906272;5;
0.0907272;5;
0.0908272;5;
0.0909272;5;
0.0910272;5;
0.0911272;5;
0.0912272;5;
0.0913272;5;
0.0914272;5;
0.0915272;5;
0.0916272;5;
0.0917272;5;
0.0918272;5;
0.0919272;5;
0.0920272;5;
0.0921272;5;
0.0922272;5;
0.0923272;5;
0.0924272;5;
0.0925272;5;
0.0926272;5;
0.0927272;5;
0.0928272;5;
0.0929272;5;
0.0930272;5;
0.0931272;5;
0.0932272;5;
0.0933272;5;
0.0934272;5;
0.0935272;5;
0.0936272;5;
0.0937272;5;
0.0938272;5;
0.0939272;5;
0.0940272;5;
0.0941272;5;
0.0942272;5;
0.0943272;5;
0.0944272;5;
0.0945272;5;
0.0946272;5;
0.0947272;5;
0.0948272;5;
0.0949272;5;
0.0950272;5;
0.0951272;5;
0.0952272;5;
0.0953272;5;
0.0954272;5;
0.0955272;5;
0.0956272;5;
0.0957272;5;
0.0958272;5;
0.0959272;5;
0.0960272;5;
0.0961272;5;
0.0962272;5;
0.0963272;5;
0.0964272;5;
0.0965272;5;
0.0966272;5;
0.0967272;5;
0.0968272;5;
0.0969272;5;
0.0970272;5;
0.0971272;5;
0.0972272;5;
0.0973272;5;
0.0974272;5;
0.0975272;5;
0.0976272;5;
0.0977272;5;
0.0978272;5;
0.0979272;5;
0.0980272;5;
0.0981272;5;
0.0982272;5;
0.0983272;5;
0.0984272;5;
0.0985272;5;
0.0986272;5;
0.0987272;5;
0.0988272;5;
0.0989272;5;
0.0990272;5;
0.0991272;5;
0.0992272;5;
0.0993272;5;
0.0994272;5;
0.0995272;5;
0.0996272;5;
0.0997272;5;
0.0998272;5;
0.0999136;5;
0.1;5;
