time;V(Net-_U1-OUT_);
0;-2;
1e-06;-2;
2e-06;-2;
4e-06;-2;
8e-06;-2;
1.6e-05;-2;
2.52236e-05;-2;
3.45031e-05;-2;
4.36478e-05;-2;
5.29497e-05;-2;
6.22666e-05;-1.99976;
7.16338e-05;-1.98558;
8.10874e-05;-1.90489;
9.17421e-05;-1.76488;
0.000111216;-1.5179;
0.000129573;-1.28196;
0.000166287;-0.813842;
0.000239714;0.12371;
0.000339714;1.39492;
0.000439714;2.66136;
0.000539714;3.91863;
0.000639714;5.16735;
0.000739714;6.40352;
0.000839714;7.62745;
0.000939714;8.83547;
0.00103971;10.0277;
0.00113971;11.2007;
0.00123971;12;
0.00133971;12;
0.00143971;12;
0.00145221;12;
0.00147721;12;
0.00152721;12;
0.00162721;12;
0.00172721;12;
0.00182721;12;
0.00192721;12;
0.00202721;12;
0.00212721;12;
0.00222721;12;
0.00232721;12;
0.00242721;12;
0.00252721;12;
0.00262721;12;
0.00272721;12;
0.00282721;12;
0.00292721;12;
0.00302721;12;
0.00312721;12;
0.00322721;12;
0.00332721;12;
0.00342721;12;
0.00352721;12;
0.00362721;12;
0.00372721;12;
0.00382721;12;
0.00392721;12;
0.00402721;12;
0.00412721;12;
0.00422721;12;
0.00432721;12;
0.00442721;12;
0.00452721;12;
0.00462721;12;
0.00472721;12;
0.00482721;12;
0.00492721;12;
0.00502721;12;
0.00512721;12;
0.00522721;12;
0.00532721;12;
0.00542721;12;
0.00552721;12;
0.00562721;12;
0.00572721;12;
0.00582721;12;
0.00592721;12;
0.00602721;12;
0.00612721;12;
0.00622721;12;
0.00632721;12;
0.00642721;12;
0.00652721;12;
0.00662721;12;
0.00672721;12;
0.00682721;12;
0.00692721;12;
0.00702721;12;
0.00712721;12;
0.00722721;12;
0.00732721;12;
0.00742721;12;
0.00752721;12;
0.00762721;12;
0.00772721;12;
0.00782721;12;
0.00792721;12;
0.00802721;12;
0.00812721;12;
0.00822721;12;
0.00832721;12;
0.00842721;12;
0.00852721;12;
0.00862721;12;
0.00872721;12;
0.00882721;12;
0.00892721;12;
0.00902721;12;
0.00912721;12;
0.00922721;12;
0.00932721;12;
0.00942721;12;
0.00952721;12;
0.00962721;12;
0.00972721;12;
0.00982721;12;
0.00992721;12;
0.0100272;12;
0.0101272;12;
0.0102272;12;
0.0103272;12;
0.0104272;12;
0.0105272;12;
0.0106272;12;
0.0107272;12;
0.0108272;12;
0.0109272;12;
0.0110272;12;
0.0111272;12;
0.0112272;12;
0.0113272;12;
0.0114272;12;
0.0115272;12;
0.0116272;12;
0.0117272;12;
0.0118272;12;
0.0119272;12;
0.0120272;12;
0.0121272;12;
0.0122272;12;
0.0123272;12;
0.0124272;12;
0.0125272;12;
0.0126272;12;
0.0127272;12;
0.0128272;12;
0.0129272;12;
0.0130272;12;
0.0131272;12;
0.0132272;12;
0.0133272;12;
0.0134272;12;
0.0135272;12;
0.0136272;12;
0.0137272;12;
0.0138272;12;
0.0139272;12;
0.0140272;12;
0.0141272;12;
0.0142272;12;
0.0143272;12;
0.0144272;12;
0.0145272;12;
0.0146272;12;
0.0147272;12;
0.0148272;12;
0.0149272;12;
0.0150272;12;
0.0151272;12;
0.0152272;12;
0.0153272;12;
0.0154272;12;
0.0155272;12;
0.0156272;12;
0.0157272;12;
0.0158272;12;
0.0159272;12;
0.0160272;12;
0.0161272;12;
0.0162272;12;
0.0163272;12;
0.0164272;12;
0.0165272;12;
0.0166272;12;
0.0167272;12;
0.0168272;12;
0.0169272;12;
0.0170272;12;
0.0171272;12;
0.0172272;12;
0.0173272;12;
0.0174272;12;
0.0175272;12;
0.0176272;12;
0.0177272;12;
0.0178272;12;
0.0179272;12;
0.0180272;12;
0.0181272;12;
0.0182272;12;
0.0183272;12;
0.0184272;12;
0.0185272;12;
0.0186272;12;
0.0187272;12;
0.0188272;12;
0.0189272;12;
0.0190272;12;
0.0191272;12;
0.0192272;12;
0.0193272;12;
0.0194272;12;
0.0195272;12;
0.0196272;12;
0.0197272;12;
0.0198272;12;
0.0199272;12;
0.0200272;12;
0.0201272;12;
0.0202272;12;
0.0203272;12;
0.0204272;12;
0.0205272;12;
0.0206272;12;
0.0207272;12;
0.0208272;12;
0.0209272;12;
0.0210272;12;
0.0211272;12;
0.0212272;12;
0.0213272;12;
0.0214272;12;
0.0215272;12;
0.0216272;12;
0.0217272;12;
0.0218272;12;
0.0219272;12;
0.0220272;12;
0.0221272;12;
0.0222272;12;
0.0223272;12;
0.0224272;12;
0.0225272;12;
0.0226272;12;
0.0227272;12;
0.0228272;12;
0.0229272;12;
0.0230272;12;
0.0231272;12;
0.0232272;12;
0.0233272;12;
0.0234272;12;
0.0235272;12;
0.0236272;12;
0.0237272;12;
0.0238272;12;
0.0239272;12;
0.0240272;12;
0.0241272;12;
0.0242272;12;
0.0243272;12;
0.0244272;12;
0.0245272;12;
0.0246272;12;
0.0247272;12;
0.0248272;12;
0.0249272;12;
0.0250272;12;
0.0251272;12;
0.0252272;12;
0.0253272;12;
0.0254272;12;
0.0255272;12;
0.0256272;12;
0.0257272;12;
0.0258272;12;
0.0259272;12;
0.0260272;12;
0.0261272;12;
0.0262272;12;
0.0263272;12;
0.0264272;12;
0.0265272;12;
0.0266272;12;
0.0267272;12;
0.0268272;12;
0.0269272;12;
0.0270272;12;
0.0271272;12;
0.0272272;12;
0.0273272;12;
0.0274272;12;
0.0275272;12;
0.0276272;12;
0.0277272;12;
0.0278272;12;
0.0279272;12;
0.0280272;12;
0.0281272;12;
0.0282272;12;
0.0283272;12;
0.0284272;12;
0.0285272;12;
0.0286272;12;
0.0287272;12;
0.0288272;12;
0.0289272;12;
0.0290272;12;
0.0291272;12;
0.0292272;12;
0.0293272;12;
0.0294272;12;
0.0295272;12;
0.0296272;12;
0.0297272;12;
0.0298272;12;
0.0299272;12;
0.0300272;12;
0.0301272;12;
0.0302272;12;
0.0303272;12;
0.0304272;12;
0.0305272;12;
0.0306272;12;
0.0307272;12;
0.0308272;12;
0.0309272;12;
0.0310272;12;
0.0311272;12;
0.0312272;12;
0.0313272;12;
0.0314272;12;
0.0315272;12;
0.0316272;12;
0.0317272;12;
0.0318272;12;
0.0319272;12;
0.0320272;12;
0.0321272;12;
0.0322272;12;
0.0323272;12;
0.0324272;12;
0.0325272;12;
0.0326272;12;
0.0327272;12;
0.0328272;12;
0.0329272;12;
0.0330272;12;
0.0331272;12;
0.0332272;12;
0.0333272;12;
0.0334272;12;
0.0335272;12;
0.0336272;12;
0.0337272;12;
0.0338272;12;
0.0339272;12;
0.0340272;12;
0.0341272;12;
0.0342272;12;
0.0343272;12;
0.0344272;12;
0.0345272;12;
0.0346272;12;
0.0347272;12;
0.0348272;12;
0.0349272;12;
0.0350272;12;
0.0351272;12;
0.0352272;12;
0.0353272;12;
0.0354272;12;
0.0355272;12;
0.0356272;12;
0.0357272;12;
0.0358272;12;
0.0359272;12;
0.0360272;12;
0.0361272;12;
0.0362272;12;
0.0363272;12;
0.0364272;12;
0.0365272;12;
0.0366272;12;
0.0367272;12;
0.0368272;12;
0.0369272;12;
0.0370272;12;
0.0371272;12;
0.0372272;12;
0.0373272;12;
0.0374272;12;
0.0375272;12;
0.0376272;12;
0.0377272;12;
0.0378272;12;
0.0379272;12;
0.0380272;12;
0.0381272;12;
0.0382272;12;
0.0383272;12;
0.0384272;12;
0.0385272;12;
0.0386272;12;
0.0387272;12;
0.0388272;12;
0.0389272;12;
0.0390272;12;
0.0391272;12;
0.0392272;12;
0.0393272;12;
0.0394272;12;
0.0395272;12;
0.0396272;12;
0.0397272;12;
0.0398272;12;
0.0399272;12;
0.0400272;12;
0.0401272;12;
0.0402272;12;
0.0403272;12;
0.0404272;12;
0.0405272;12;
0.0406272;12;
0.0407272;12;
0.0408272;12;
0.0409272;12;
0.0410272;12;
0.0411272;12;
0.0412272;12;
0.0413272;12;
0.0414272;12;
0.0415272;12;
0.0416272;12;
0.0417272;12;
0.0418272;12;
0.0419272;12;
0.0420272;12;
0.0421272;12;
0.0422272;12;
0.0423272;12;
0.0424272;12;
0.0425272;12;
0.0426272;12;
0.0427272;12;
0.0428272;12;
0.0429272;12;
0.0430272;12;
0.0431272;12;
0.0432272;12;
0.0433272;12;
0.0434272;12;
0.0435272;12;
0.0436272;12;
0.0437272;12;
0.0438272;12;
0.0439272;12;
0.0440272;12;
0.0441272;12;
0.0442272;12;
0.0443272;12;
0.0444272;12;
0.0445272;12;
0.0446272;12;
0.0447272;12;
0.0448272;12;
0.0449272;12;
0.0450272;12;
0.0451272;12;
0.0452272;12;
0.0453272;12;
0.0454272;12;
0.0455272;12;
0.0456272;12;
0.0457272;12;
0.0458272;12;
0.0459272;12;
0.0460272;12;
0.0461272;12;
0.0462272;12;
0.0463272;12;
0.0464272;12;
0.0465272;12;
0.0466272;12;
0.0467272;12;
0.0468272;12;
0.0469272;12;
0.0470272;12;
0.0471272;12;
0.0472272;12;
0.0473272;12;
0.0474272;12;
0.0475272;12;
0.0476272;12;
0.0477272;12;
0.0478272;12;
0.0479272;12;
0.0480272;12;
0.0481272;12;
0.0482272;12;
0.0483272;12;
0.0484272;12;
0.0485272;12;
0.0486272;12;
0.0487272;12;
0.0488272;12;
0.0489272;12;
0.0490272;12;
0.0491272;12;
0.0492272;12;
0.0493272;12;
0.0494272;12;
0.0495272;12;
0.0496272;12;
0.0497272;12;
0.0498272;12;
0.0499272;12;
0.0500272;12;
0.0501272;12;
0.0502272;12;
0.0503272;12;
0.0504272;12;
0.0505272;12;
0.0506272;12;
0.0507272;12;
0.0508272;12;
0.0509272;12;
0.0510272;12;
0.0511272;12;
0.0512272;12;
0.0513272;12;
0.0514272;12;
0.0515272;12;
0.0516272;12;
0.0517272;12;
0.0518272;12;
0.0519272;12;
0.0520272;12;
0.0521272;12;
0.0522272;12;
0.0523272;12;
0.0524272;12;
0.0525272;12;
0.0526272;12;
0.0527272;12;
0.0528272;12;
0.0529272;12;
0.0530272;12;
0.0531272;12;
0.0532272;12;
0.0533272;12;
0.0534272;12;
0.0535272;12;
0.0536272;12;
0.0537272;12;
0.0538272;12;
0.0539272;12;
0.0540272;12;
0.0541272;12;
0.0542272;12;
0.0543272;12;
0.0544272;12;
0.0545272;12;
0.0546272;12;
0.0547272;12;
0.0548272;12;
0.0549272;12;
0.0550272;12;
0.0551272;12;
0.0552272;12;
0.0553272;12;
0.0554272;12;
0.0555272;12;
0.0556272;12;
0.0557272;12;
0.0558272;12;
0.0559272;12;
0.0560272;12;
0.0561272;12;
0.0562272;12;
0.0563272;12;
0.0564272;12;
0.0565272;12;
0.0566272;12;
0.0567272;12;
0.0568272;12;
0.0569272;12;
0.0570272;12;
0.0571272;12;
0.0572272;12;
0.0573272;12;
0.0574272;12;
0.0575272;12;
0.0576272;12;
0.0577272;12;
0.0578272;12;
0.0579272;12;
0.0580272;12;
0.0581272;12;
0.0582272;12;
0.0583272;12;
0.0584272;12;
0.0585272;12;
0.0586272;12;
0.0587272;12;
0.0588272;12;
0.0589272;12;
0.0590272;12;
0.0591272;12;
0.0592272;12;
0.0593272;12;
0.0594272;12;
0.0595272;12;
0.0596272;12;
0.0597272;12;
0.0598272;12;
0.0599272;12;
0.0600272;12;
0.0601272;12;
0.0602272;12;
0.0603272;12;
0.0604272;12;
0.0605272;12;
0.0606272;12;
0.0607272;12;
0.0608272;12;
0.0609272;12;
0.0610272;12;
0.0611272;12;
0.0612272;12;
0.0613272;12;
0.0614272;12;
0.0615272;12;
0.0616272;12;
0.0617272;12;
0.0618272;12;
0.0619272;12;
0.0620272;12;
0.0621272;12;
0.0622272;12;
0.0623272;12;
0.0624272;12;
0.0625272;12;
0.0626272;12;
0.0627272;12;
0.0628272;12;
0.0629272;12;
0.0630272;12;
0.0631272;12;
0.0632272;12;
0.0633272;12;
0.0634272;12;
0.0635272;12;
0.0636272;12;
0.0637272;12;
0.0638272;12;
0.0639272;12;
0.0640272;12;
0.0641272;12;
0.0642272;12;
0.0643272;12;
0.0644272;12;
0.0645272;12;
0.0646272;12;
0.0647272;12;
0.0648272;12;
0.0649272;12;
0.0650272;12;
0.0651272;12;
0.0652272;12;
0.0653272;12;
0.0654272;12;
0.0655272;12;
0.0656272;12;
0.0657272;12;
0.0658272;12;
0.0659272;12;
0.0660272;12;
0.0661272;12;
0.0662272;12;
0.0663272;12;
0.0664272;12;
0.0665272;12;
0.0666272;12;
0.0667272;12;
0.0668272;12;
0.0669272;12;
0.0670272;12;
0.0671272;12;
0.0672272;12;
0.0673272;12;
0.0674272;12;
0.0675272;12;
0.0676272;12;
0.0677272;12;
0.0678272;12;
0.0679272;12;
0.0680272;12;
0.0681272;12;
0.0682272;12;
0.0683272;12;
0.0684272;12;
0.0685272;12;
0.0686272;12;
0.0687272;12;
0.0688272;12;
0.0689272;12;
0.0690272;12;
0.0691272;12;
0.0692272;12;
0.0693272;12;
0.0694272;12;
0.0695272;12;
0.0696272;12;
0.0697272;12;
0.0698272;12;
0.0699272;12;
0.0700272;12;
0.0701272;12;
0.0702272;12;
0.0703272;12;
0.0704272;12;
0.0705272;12;
0.0706272;12;
0.0707272;12;
0.0708272;12;
0.0709272;12;
0.0710272;12;
0.0711272;12;
0.0712272;12;
0.0713272;12;
0.0714272;12;
0.0715272;12;
0.0716272;12;
0.0717272;12;
0.0718272;12;
0.0719272;12;
0.0720272;12;
0.0721272;12;
0.0722272;12;
0.0723272;12;
0.0724272;12;
0.0725272;12;
0.0726272;12;
0.0727272;12;
0.0728272;12;
0.0729272;12;
0.0730272;12;
0.0731272;12;
0.0732272;12;
0.0733272;12;
0.0734272;12;
0.0735272;12;
0.0736272;12;
0.0737272;12;
0.0738272;12;
0.0739272;12;
0.0740272;12;
0.0741272;12;
0.0742272;12;
0.0743272;12;
0.0744272;12;
0.0745272;12;
0.0746272;12;
0.0747272;12;
0.0748272;12;
0.0749272;12;
0.0750272;12;
0.0751272;12;
0.0752272;12;
0.0753272;12;
0.0754272;12;
0.0755272;12;
0.0756272;12;
0.0757272;12;
0.0758272;12;
0.0759272;12;
0.0760272;12;
0.0761272;12;
0.0762272;12;
0.0763272;12;
0.0764272;12;
0.0765272;12;
0.0766272;12;
0.0767272;12;
0.0768272;12;
0.0769272;12;
0.0770272;12;
0.0771272;12;
0.0772272;12;
0.0773272;12;
0.0774272;12;
0.0775272;12;
0.0776272;12;
0.0777272;12;
0.0778272;12;
0.0779272;12;
0.0780272;12;
0.0781272;12;
0.0782272;12;
0.0783272;12;
0.0784272;12;
0.0785272;12;
0.0786272;12;
0.0787272;12;
0.0788272;12;
0.0789272;12;
0.0790272;12;
0.0791272;12;
0.0792272;12;
0.0793272;12;
0.0794272;12;
0.0795272;12;
0.0796272;12;
0.0797272;12;
0.0798272;12;
0.0799272;12;
0.0800272;12;
0.0801272;12;
0.0802272;12;
0.0803272;12;
0.0804272;12;
0.0805272;12;
0.0806272;12;
0.0807272;12;
0.0808272;12;
0.0809272;12;
0.0810272;12;
0.0811272;12;
0.0812272;12;
0.0813272;12;
0.0814272;12;
0.0815272;12;
0.0816272;12;
0.0817272;12;
0.0818272;12;
0.0819272;12;
0.0820272;12;
0.0821272;12;
0.0822272;12;
0.0823272;12;
0.0824272;12;
0.0825272;12;
0.0826272;12;
0.0827272;12;
0.0828272;12;
0.0829272;12;
0.0830272;12;
0.0831272;12;
0.0832272;12;
0.0833272;12;
0.0834272;12;
0.0835272;12;
0.0836272;12;
0.0837272;12;
0.0838272;12;
0.0839272;12;
0.0840272;12;
0.0841272;12;
0.0842272;12;
0.0843272;12;
0.0844272;12;
0.0845272;12;
0.0846272;12;
0.0847272;12;
0.0848272;12;
0.0849272;12;
0.0850272;12;
0.0851272;12;
0.0852272;12;
0.0853272;12;
0.0854272;12;
0.0855272;12;
0.0856272;12;
0.0857272;12;
0.0858272;12;
0.0859272;12;
0.0860272;12;
0.0861272;12;
0.0862272;12;
0.0863272;12;
0.0864272;12;
0.0865272;12;
0.0866272;12;
0.0867272;12;
0.0868272;12;
0.0869272;12;
0.0870272;12;
0.0871272;12;
0.0872272;12;
0.0873272;12;
0.0874272;12;
0.0875272;12;
0.0876272;12;
0.0877272;12;
0.0878272;12;
0.0879272;12;
0.0880272;12;
0.0881272;12;
0.0882272;12;
0.0883272;12;
0.0884272;12;
0.0885272;12;
0.0886272;12;
0.0887272;12;
0.0888272;12;
0.0889272;12;
0.0890272;12;
0.0891272;12;
0.0892272;12;
0.0893272;12;
0.0894272;12;
0.0895272;12;
0.0896272;12;
0.0897272;12;
0.0898272;12;
0.0899272;12;
0.0900272;12;
0.0901272;12;
0.0902272;12;
0.0903272;12;
0.0904272;12;
0.0905272;12;
0.0906272;12;
0.0907272;12;
0.0908272;12;
0.0909272;12;
0.0910272;12;
0.0911272;12;
0.0912272;12;
0.0913272;12;
0.0914272;12;
0.0915272;12;
0.0916272;12;
0.0917272;12;
0.0918272;12;
0.0919272;12;
0.0920272;12;
0.0921272;12;
0.0922272;12;
0.0923272;12;
0.0924272;12;
0.0925272;12;
0.0926272;12;
0.0927272;12;
0.0928272;12;
0.0929272;12;
0.0930272;12;
0.0931272;12;
0.0932272;12;
0.0933272;12;
0.0934272;12;
0.0935272;12;
0.0936272;12;
0.0937272;12;
0.0938272;12;
0.0939272;12;
0.0940272;12;
0.0941272;12;
0.0942272;12;
0.0943272;12;
0.0944272;12;
0.0945272;12;
0.0946272;12;
0.0947272;12;
0.0948272;12;
0.0949272;12;
0.0950272;12;
0.0951272;12;
0.0952272;12;
0.0953272;12;
0.0954272;12;
0.0955272;12;
0.0956272;12;
0.0957272;12;
0.0958272;12;
0.0959272;12;
0.0960272;12;
0.0961272;12;
0.0962272;12;
0.0963272;12;
0.0964272;12;
0.0965272;12;
0.0966272;12;
0.0967272;12;
0.0968272;12;
0.0969272;12;
0.0970272;12;
0.0971272;12;
0.0972272;12;
0.0973272;12;
0.0974272;12;
0.0975272;12;
0.0976272;12;
0.0977272;12;
0.0978272;12;
0.0979272;12;
0.0980272;12;
0.0981272;12;
0.0982272;12;
0.0983272;12;
0.0984272;12;
0.0985272;12;
0.0986272;12;
0.0987272;12;
0.0988272;12;
0.0989272;12;
0.0990272;12;
0.0991272;12;
0.0992272;12;
0.0993272;12;
0.0994272;12;
0.0995272;12;
0.0996272;12;
0.0997272;12;
0.0998272;12;
0.0999136;12;
0.1;12;
