time;V(Net-_D1-A_);
0;-2.48643e-75;
1e-06;-7.55091e-30;
2e-06;-1.61572e-18;
4e-06;-1.03687e-17;
8e-06;-1.07248e-16;
1.6e-05;-2.35573e-14;
2.52236e-05;-2.6252e-12;
3.45031e-05;-2.60399e-10;
4.36478e-05;-2.36819e-08;
5.29497e-05;-2.39354e-06;
6.22666e-05;-0.000238259;
7.16338e-05;-0.0144163;
8.10874e-05;-0.0951098;
9.17421e-05;-0.235125;
0.000111216;-0.482098;
0.000129573;-0.718036;
0.000166287;-1.18616;
0.000239714;-2.12371;
0.000339714;-3.39492;
0.000439714;-4.66136;
0.000539714;-5.91863;
0.000639714;-7.16735;
0.000739714;-8.40352;
0.000839714;-9.62745;
0.000939714;-10.8355;
0.00103971;-12.0277;
0.00113971;-13.2007;
0.00123971;-14.3544;
0.00133971;-15.4857;
0.00143971;-16.5944;
0.00145221;-16.7311;
0.00147721;-17.0036;
0.00152721;-17.5438;
0.00162721;-18.6043;
0.00172721;-19.6371;
0.00182721;-20.6407;
0.00192721;-21.6137;
0.00202721;-22.5548;
0.00212721;-23.4625;
0.00222721;-24.3357;
0.00232721;-25.173;
0.00242721;-25.9734;
0.00252721;-26.7356;
0.00262721;-27.4586;
0.00272721;-28.1414;
0.00282721;-28.783;
0.00292721;-29.3826;
0.00302721;-29.9393;
0.00312721;-30.4523;
0.00322721;-30.921;
0.00332721;-31.3448;
0.00342721;-31.7231;
0.00352721;-32.0556;
0.00362721;-32.3417;
0.00372721;-32.5815;
0.00382721;-32.7749;
0.00392721;-32.9223;
0.00402721;-33.0248;
0.00412721;-33.0856;
0.00422721;-33.112;
0.00432721;-33.1187;
0.00442721;-33.1193;
0.00452721;-33.1193;
0.00462721;-33.1193;
0.00472721;-33.1193;
0.00482721;-33.1193;
0.00492721;-33.1193;
0.00502721;-33.1193;
0.00512721;-33.1193;
0.00522721;-33.1193;
0.00532721;-33.1193;
0.00542721;-33.1193;
0.00552721;-33.1193;
0.00562721;-33.1193;
0.00572721;-33.1193;
0.00582721;-33.1193;
0.00592721;-33.1193;
0.00602721;-33.1193;
0.00612721;-33.1193;
0.00622721;-33.1193;
0.00632721;-33.1193;
0.00642721;-33.1193;
0.00652721;-33.1193;
0.00662721;-33.1193;
0.00672721;-33.1193;
0.00682721;-33.1193;
0.00692721;-33.1193;
0.00702721;-33.1193;
0.00712721;-33.1193;
0.00722721;-33.1193;
0.00732721;-33.1193;
0.00742721;-33.1193;
0.00752721;-33.1193;
0.00762721;-33.1193;
0.00772721;-33.1193;
0.00782721;-33.1193;
0.00792721;-33.1193;
0.00802721;-33.1193;
0.00812721;-33.1193;
0.00822721;-33.1193;
0.00832721;-33.1193;
0.00842721;-33.1193;
0.00852721;-33.1193;
0.00862721;-33.1193;
0.00872721;-33.1193;
0.00882721;-33.1193;
0.00892721;-33.1193;
0.00902721;-33.1193;
0.00912721;-33.1193;
0.00922721;-33.1193;
0.00932721;-33.1193;
0.00942721;-33.1193;
0.00952721;-33.1193;
0.00962721;-33.1193;
0.00972721;-33.1193;
0.00982721;-33.1193;
0.00992721;-33.1193;
0.0100272;-33.1193;
0.0101272;-33.1193;
0.0102272;-33.1193;
0.0103272;-33.1193;
0.0104272;-33.1193;
0.0105272;-33.1193;
0.0106272;-33.1193;
0.0107272;-33.1193;
0.0108272;-33.1193;
0.0109272;-33.1193;
0.0110272;-33.1193;
0.0111272;-33.1193;
0.0112272;-33.1193;
0.0113272;-33.1193;
0.0114272;-33.1193;
0.0115272;-33.1193;
0.0116272;-33.1193;
0.0117272;-33.1193;
0.0118272;-33.1193;
0.0119272;-33.1193;
0.0120272;-33.1193;
0.0121272;-33.1193;
0.0122272;-33.1193;
0.0123272;-33.1197;
0.0124272;-33.1234;
0.0125272;-33.1306;
0.0126272;-33.1352;
0.0127272;-33.136;
0.0128272;-33.1361;
0.0129272;-33.1361;
0.0130272;-33.1361;
0.0131272;-33.1361;
0.0132272;-33.1361;
0.0133272;-33.1361;
0.0134272;-33.1361;
0.0135272;-33.1361;
0.0136272;-33.1361;
0.0137272;-33.1361;
0.0138272;-33.1361;
0.0139272;-33.1361;
0.0140272;-33.1361;
0.0141272;-33.1361;
0.0142272;-33.1361;
0.0143272;-33.1361;
0.0144272;-33.1361;
0.0145272;-33.1361;
0.0146272;-33.1361;
0.0147272;-33.1361;
0.0148272;-33.1361;
0.0149272;-33.1361;
0.0150272;-33.1361;
0.0151272;-33.1361;
0.0152272;-33.1361;
0.0153272;-33.1361;
0.0154272;-33.1361;
0.0155272;-33.1361;
0.0156272;-33.1361;
0.0157272;-33.1361;
0.0158272;-33.1361;
0.0159272;-33.1361;
0.0160272;-33.1361;
0.0161272;-33.1361;
0.0162272;-33.1361;
0.0163272;-33.1361;
0.0164272;-33.1361;
0.0165272;-33.1361;
0.0166272;-33.1361;
0.0167272;-33.1361;
0.0168272;-33.1361;
0.0169272;-33.1361;
0.0170272;-33.1361;
0.0171272;-33.1361;
0.0172272;-33.1361;
0.0173272;-33.1361;
0.0174272;-33.1361;
0.0175272;-33.1361;
0.0176272;-33.1361;
0.0177272;-33.1361;
0.0178272;-33.1361;
0.0179272;-33.1361;
0.0180272;-33.1361;
0.0181272;-33.1361;
0.0182272;-33.1361;
0.0183272;-33.1361;
0.0184272;-33.1361;
0.0185272;-33.1361;
0.0186272;-33.1361;
0.0187272;-33.1361;
0.0188272;-33.1361;
0.0189272;-33.1361;
0.0190272;-33.1361;
0.0191272;-33.1361;
0.0192272;-33.1361;
0.0193272;-33.1361;
0.0194272;-33.1361;
0.0195272;-33.1361;
0.0196272;-33.1361;
0.0197272;-33.1361;
0.0198272;-33.1361;
0.0199272;-33.1361;
0.0200272;-33.1361;
0.0201272;-33.1361;
0.0202272;-33.1361;
0.0203272;-33.1361;
0.0204272;-33.1361;
0.0205272;-33.1361;
0.0206272;-33.1361;
0.0207272;-33.1373;
0.0208272;-33.1412;
0.0209272;-33.145;
0.0210272;-33.1461;
0.0211272;-33.1461;
0.0212272;-33.1461;
0.0213272;-33.1461;
0.0214272;-33.1461;
0.0215272;-33.1461;
0.0216272;-33.1461;
0.0217272;-33.1461;
0.0218272;-33.1461;
0.0219272;-33.1461;
0.0220272;-33.1461;
0.0221272;-33.1461;
0.0222272;-33.1461;
0.0223272;-33.1461;
0.0224272;-33.1461;
0.0225272;-33.1461;
0.0226272;-33.1461;
0.0227272;-33.1461;
0.0228272;-33.1461;
0.0229272;-33.1461;
0.0230272;-33.1461;
0.0231272;-33.1461;
0.0232272;-33.1461;
0.0233272;-33.1461;
0.0234272;-33.1461;
0.0235272;-33.1461;
0.0236272;-33.1461;
0.0237272;-33.1461;
0.0238272;-33.1461;
0.0239272;-33.1461;
0.0240272;-33.1461;
0.0241272;-33.1461;
0.0242272;-33.1461;
0.0243272;-33.1461;
0.0244272;-33.1461;
0.0245272;-33.1461;
0.0246272;-33.1461;
0.0247272;-33.1461;
0.0248272;-33.1461;
0.0249272;-33.1461;
0.0250272;-33.1461;
0.0251272;-33.1461;
0.0252272;-33.1461;
0.0253272;-33.1461;
0.0254272;-33.1461;
0.0255272;-33.1461;
0.0256272;-33.1461;
0.0257272;-33.1461;
0.0258272;-33.1461;
0.0259272;-33.1461;
0.0260272;-33.1461;
0.0261272;-33.1461;
0.0262272;-33.1461;
0.0263272;-33.1461;
0.0264272;-33.1461;
0.0265272;-33.1461;
0.0266272;-33.1461;
0.0267272;-33.1461;
0.0268272;-33.1461;
0.0269272;-33.1461;
0.0270272;-33.1461;
0.0271272;-33.1461;
0.0272272;-33.1461;
0.0273272;-33.1461;
0.0274272;-33.1461;
0.0275272;-33.1461;
0.0276272;-33.1461;
0.0277272;-33.1461;
0.0278272;-33.1461;
0.0279272;-33.1461;
0.0280272;-33.1461;
0.0281272;-33.1461;
0.0282272;-33.1461;
0.0283272;-33.1461;
0.0284272;-33.1461;
0.0285272;-33.1461;
0.0286272;-33.1461;
0.0287272;-33.1461;
0.0288272;-33.1461;
0.0289272;-33.1462;
0.0290272;-33.1465;
0.0291272;-33.1487;
0.0292272;-33.1518;
0.0293272;-33.1532;
0.0294272;-33.1534;
0.0295272;-33.1534;
0.0296272;-33.1534;
0.0297272;-33.1534;
0.0298272;-33.1534;
0.0299272;-33.1534;
0.0300272;-33.1534;
0.0301272;-33.1534;
0.0302272;-33.1534;
0.0303272;-33.1534;
0.0304272;-33.1534;
0.0305272;-33.1534;
0.0306272;-33.1534;
0.0307272;-33.1534;
0.0308272;-33.1534;
0.0309272;-33.1534;
0.0310272;-33.1534;
0.0311272;-33.1534;
0.0312272;-33.1534;
0.0313272;-33.1534;
0.0314272;-33.1534;
0.0315272;-33.1534;
0.0316272;-33.1534;
0.0317272;-33.1534;
0.0318272;-33.1534;
0.0319272;-33.1534;
0.0320272;-33.1534;
0.0321272;-33.1534;
0.0322272;-33.1534;
0.0323272;-33.1534;
0.0324272;-33.1534;
0.0325272;-33.1534;
0.0326272;-33.1534;
0.0327272;-33.1534;
0.0328272;-33.1534;
0.0329272;-33.1534;
0.0330272;-33.1534;
0.0331272;-33.1534;
0.0332272;-33.1534;
0.0333272;-33.1534;
0.0334272;-33.1534;
0.0335272;-33.1534;
0.0336272;-33.1534;
0.0337272;-33.1534;
0.0338272;-33.1534;
0.0339272;-33.1534;
0.0340272;-33.1534;
0.0341272;-33.1534;
0.0342272;-33.1534;
0.0343272;-33.1534;
0.0344272;-33.1534;
0.0345272;-33.1534;
0.0346272;-33.1534;
0.0347272;-33.1534;
0.0348272;-33.1534;
0.0349272;-33.1534;
0.0350272;-33.1534;
0.0351272;-33.1534;
0.0352272;-33.1534;
0.0353272;-33.1534;
0.0354272;-33.1534;
0.0355272;-33.1534;
0.0356272;-33.1534;
0.0357272;-33.1534;
0.0358272;-33.1534;
0.0359272;-33.1534;
0.0360272;-33.1534;
0.0361272;-33.1534;
0.0362272;-33.1534;
0.0363272;-33.1534;
0.0364272;-33.1534;
0.0365272;-33.1534;
0.0366272;-33.1534;
0.0367272;-33.1534;
0.0368272;-33.1534;
0.0369272;-33.1534;
0.0370272;-33.1534;
0.0371272;-33.1534;
0.0372272;-33.1534;
0.0373272;-33.1535;
0.0374272;-33.1546;
0.0375272;-33.157;
0.0376272;-33.1587;
0.0377272;-33.159;
0.0378272;-33.159;
0.0379272;-33.159;
0.0380272;-33.159;
0.0381272;-33.159;
0.0382272;-33.159;
0.0383272;-33.159;
0.0384272;-33.159;
0.0385272;-33.159;
0.0386272;-33.159;
0.0387272;-33.159;
0.0388272;-33.159;
0.0389272;-33.159;
0.0390272;-33.159;
0.0391272;-33.159;
0.0392272;-33.159;
0.0393272;-33.159;
0.0394272;-33.159;
0.0395272;-33.159;
0.0396272;-33.159;
0.0397272;-33.159;
0.0398272;-33.159;
0.0399272;-33.159;
0.0400272;-33.159;
0.0401272;-33.159;
0.0402272;-33.159;
0.0403272;-33.159;
0.0404272;-33.159;
0.0405272;-33.159;
0.0406272;-33.159;
0.0407272;-33.159;
0.0408272;-33.159;
0.0409272;-33.159;
0.0410272;-33.159;
0.0411272;-33.159;
0.0412272;-33.159;
0.0413272;-33.159;
0.0414272;-33.159;
0.0415272;-33.159;
0.0416272;-33.159;
0.0417272;-33.159;
0.0418272;-33.159;
0.0419272;-33.159;
0.0420272;-33.159;
0.0421272;-33.159;
0.0422272;-33.159;
0.0423272;-33.159;
0.0424272;-33.159;
0.0425272;-33.159;
0.0426272;-33.159;
0.0427272;-33.159;
0.0428272;-33.159;
0.0429272;-33.159;
0.0430272;-33.159;
0.0431272;-33.159;
0.0432272;-33.159;
0.0433272;-33.159;
0.0434272;-33.159;
0.0435272;-33.159;
0.0436272;-33.159;
0.0437272;-33.159;
0.0438272;-33.159;
0.0439272;-33.159;
0.0440272;-33.159;
0.0441272;-33.159;
0.0442272;-33.159;
0.0443272;-33.159;
0.0444272;-33.159;
0.0445272;-33.159;
0.0446272;-33.159;
0.0447272;-33.159;
0.0448272;-33.159;
0.0449272;-33.159;
0.0450272;-33.159;
0.0451272;-33.159;
0.0452272;-33.159;
0.0453272;-33.159;
0.0454272;-33.159;
0.0455272;-33.159;
0.0456272;-33.159;
0.0457272;-33.1595;
0.0458272;-33.1613;
0.0459272;-33.1631;
0.0460272;-33.1636;
0.0461272;-33.1637;
0.0462272;-33.1637;
0.0463272;-33.1637;
0.0464272;-33.1637;
0.0465272;-33.1637;
0.0466272;-33.1637;
0.0467272;-33.1637;
0.0468272;-33.1637;
0.0469272;-33.1637;
0.0470272;-33.1637;
0.0471272;-33.1637;
0.0472272;-33.1637;
0.0473272;-33.1637;
0.0474272;-33.1637;
0.0475272;-33.1637;
0.0476272;-33.1637;
0.0477272;-33.1637;
0.0478272;-33.1637;
0.0479272;-33.1637;
0.0480272;-33.1637;
0.0481272;-33.1637;
0.0482272;-33.1637;
0.0483272;-33.1637;
0.0484272;-33.1637;
0.0485272;-33.1637;
0.0486272;-33.1637;
0.0487272;-33.1637;
0.0488272;-33.1637;
0.0489272;-33.1637;
0.0490272;-33.1637;
0.0491272;-33.1637;
0.0492272;-33.1637;
0.0493272;-33.1637;
0.0494272;-33.1637;
0.0495272;-33.1637;
0.0496272;-33.1637;
0.0497272;-33.1637;
0.0498272;-33.1637;
0.0499272;-33.1637;
0.0500272;-33.1637;
0.0501272;-33.1637;
0.0502272;-33.1637;
0.0503272;-33.1637;
0.0504272;-33.1637;
0.0505272;-33.1637;
0.0506272;-33.1637;
0.0507272;-33.1637;
0.0508272;-33.1637;
0.0509272;-33.1637;
0.0510272;-33.1637;
0.0511272;-33.1637;
0.0512272;-33.1637;
0.0513272;-33.1637;
0.0514272;-33.1637;
0.0515272;-33.1637;
0.0516272;-33.1637;
0.0517272;-33.1637;
0.0518272;-33.1637;
0.0519272;-33.1637;
0.0520272;-33.1637;
0.0521272;-33.1637;
0.0522272;-33.1637;
0.0523272;-33.1637;
0.0524272;-33.1637;
0.0525272;-33.1637;
0.0526272;-33.1637;
0.0527272;-33.1637;
0.0528272;-33.1637;
0.0529272;-33.1637;
0.0530272;-33.1637;
0.0531272;-33.1637;
0.0532272;-33.1637;
0.0533272;-33.1637;
0.0534272;-33.1637;
0.0535272;-33.1637;
0.0536272;-33.1637;
0.0537272;-33.1637;
0.0538272;-33.1637;
0.0539272;-33.1637;
0.0540272;-33.1639;
0.0541272;-33.165;
0.0542272;-33.1667;
0.0543272;-33.1675;
0.0544272;-33.1676;
0.0545272;-33.1676;
0.0546272;-33.1676;
0.0547272;-33.1676;
0.0548272;-33.1676;
0.0549272;-33.1676;
0.0550272;-33.1676;
0.0551272;-33.1676;
0.0552272;-33.1676;
0.0553272;-33.1676;
0.0554272;-33.1676;
0.0555272;-33.1676;
0.0556272;-33.1676;
0.0557272;-33.1676;
0.0558272;-33.1676;
0.0559272;-33.1676;
0.0560272;-33.1676;
0.0561272;-33.1676;
0.0562272;-33.1676;
0.0563272;-33.1676;
0.0564272;-33.1676;
0.0565272;-33.1676;
0.0566272;-33.1676;
0.0567272;-33.1676;
0.0568272;-33.1676;
0.0569272;-33.1676;
0.0570272;-33.1676;
0.0571272;-33.1676;
0.0572272;-33.1676;
0.0573272;-33.1676;
0.0574272;-33.1676;
0.0575272;-33.1676;
0.0576272;-33.1676;
0.0577272;-33.1676;
0.0578272;-33.1676;
0.0579272;-33.1676;
0.0580272;-33.1676;
0.0581272;-33.1676;
0.0582272;-33.1676;
0.0583272;-33.1676;
0.0584272;-33.1676;
0.0585272;-33.1676;
0.0586272;-33.1676;
0.0587272;-33.1676;
0.0588272;-33.1676;
0.0589272;-33.1676;
0.0590272;-33.1676;
0.0591272;-33.1676;
0.0592272;-33.1676;
0.0593272;-33.1676;
0.0594272;-33.1676;
0.0595272;-33.1676;
0.0596272;-33.1676;
0.0597272;-33.1676;
0.0598272;-33.1676;
0.0599272;-33.1676;
0.0600272;-33.1676;
0.0601272;-33.1676;
0.0602272;-33.1676;
0.0603272;-33.1676;
0.0604272;-33.1676;
0.0605272;-33.1676;
0.0606272;-33.1676;
0.0607272;-33.1676;
0.0608272;-33.1676;
0.0609272;-33.1676;
0.0610272;-33.1676;
0.0611272;-33.1676;
0.0612272;-33.1676;
0.0613272;-33.1676;
0.0614272;-33.1676;
0.0615272;-33.1676;
0.0616272;-33.1676;
0.0617272;-33.1676;
0.0618272;-33.1676;
0.0619272;-33.1676;
0.0620272;-33.1676;
0.0621272;-33.1676;
0.0622272;-33.1676;
0.0623272;-33.1676;
0.0624272;-33.1683;
0.0625272;-33.1697;
0.0626272;-33.1708;
0.0627272;-33.171;
0.0628272;-33.171;
0.0629272;-33.171;
0.0630272;-33.171;
0.0631272;-33.171;
0.0632272;-33.171;
0.0633272;-33.171;
0.0634272;-33.171;
0.0635272;-33.171;
0.0636272;-33.171;
0.0637272;-33.171;
0.0638272;-33.171;
0.0639272;-33.171;
0.0640272;-33.171;
0.0641272;-33.171;
0.0642272;-33.171;
0.0643272;-33.171;
0.0644272;-33.171;
0.0645272;-33.171;
0.0646272;-33.171;
0.0647272;-33.171;
0.0648272;-33.171;
0.0649272;-33.171;
0.0650272;-33.171;
0.0651272;-33.171;
0.0652272;-33.171;
0.0653272;-33.171;
0.0654272;-33.171;
0.0655272;-33.171;
0.0656272;-33.171;
0.0657272;-33.171;
0.0658272;-33.171;
0.0659272;-33.171;
0.0660272;-33.171;
0.0661272;-33.171;
0.0662272;-33.171;
0.0663272;-33.171;
0.0664272;-33.171;
0.0665272;-33.171;
0.0666272;-33.171;
0.0667272;-33.171;
0.0668272;-33.171;
0.0669272;-33.171;
0.0670272;-33.171;
0.0671272;-33.171;
0.0672272;-33.171;
0.0673272;-33.171;
0.0674272;-33.171;
0.0675272;-33.171;
0.0676272;-33.171;
0.0677272;-33.171;
0.0678272;-33.171;
0.0679272;-33.171;
0.0680272;-33.171;
0.0681272;-33.171;
0.0682272;-33.171;
0.0683272;-33.171;
0.0684272;-33.171;
0.0685272;-33.171;
0.0686272;-33.171;
0.0687272;-33.171;
0.0688272;-33.171;
0.0689272;-33.171;
0.0690272;-33.171;
0.0691272;-33.171;
0.0692272;-33.171;
0.0693272;-33.171;
0.0694272;-33.171;
0.0695272;-33.171;
0.0696272;-33.171;
0.0697272;-33.171;
0.0698272;-33.171;
0.0699272;-33.171;
0.0700272;-33.171;
0.0701272;-33.171;
0.0702272;-33.171;
0.0703272;-33.171;
0.0704272;-33.171;
0.0705272;-33.171;
0.0706272;-33.171;
0.0707272;-33.1713;
0.0708272;-33.1724;
0.0709272;-33.1736;
0.0710272;-33.174;
0.0711272;-33.174;
0.0712272;-33.174;
0.0713272;-33.174;
0.0714272;-33.174;
0.0715272;-33.174;
0.0716272;-33.174;
0.0717272;-33.174;
0.0718272;-33.174;
0.0719272;-33.174;
0.0720272;-33.174;
0.0721272;-33.174;
0.0722272;-33.174;
0.0723272;-33.174;
0.0724272;-33.174;
0.0725272;-33.174;
0.0726272;-33.174;
0.0727272;-33.174;
0.0728272;-33.174;
0.0729272;-33.174;
0.0730272;-33.174;
0.0731272;-33.174;
0.0732272;-33.174;
0.0733272;-33.174;
0.0734272;-33.174;
0.0735272;-33.174;
0.0736272;-33.174;
0.0737272;-33.174;
0.0738272;-33.174;
0.0739272;-33.174;
0.0740272;-33.174;
0.0741272;-33.174;
0.0742272;-33.174;
0.0743272;-33.174;
0.0744272;-33.174;
0.0745272;-33.174;
0.0746272;-33.174;
0.0747272;-33.174;
0.0748272;-33.174;
0.0749272;-33.174;
0.0750272;-33.174;
0.0751272;-33.174;
0.0752272;-33.174;
0.0753272;-33.174;
0.0754272;-33.174;
0.0755272;-33.174;
0.0756272;-33.174;
0.0757272;-33.174;
0.0758272;-33.174;
0.0759272;-33.174;
0.0760272;-33.174;
0.0761272;-33.174;
0.0762272;-33.174;
0.0763272;-33.174;
0.0764272;-33.174;
0.0765272;-33.174;
0.0766272;-33.174;
0.0767272;-33.174;
0.0768272;-33.174;
0.0769272;-33.174;
0.0770272;-33.174;
0.0771272;-33.174;
0.0772272;-33.174;
0.0773272;-33.174;
0.0774272;-33.174;
0.0775272;-33.174;
0.0776272;-33.174;
0.0777272;-33.174;
0.0778272;-33.174;
0.0779272;-33.174;
0.0780272;-33.174;
0.0781272;-33.174;
0.0782272;-33.174;
0.0783272;-33.174;
0.0784272;-33.174;
0.0785272;-33.174;
0.0786272;-33.174;
0.0787272;-33.174;
0.0788272;-33.174;
0.0789272;-33.174;
0.0790272;-33.1741;
0.0791272;-33.1749;
0.0792272;-33.1761;
0.0793272;-33.1766;
0.0794272;-33.1767;
0.0795272;-33.1767;
0.0796272;-33.1767;
0.0797272;-33.1767;
0.0798272;-33.1767;
0.0799272;-33.1767;
0.0800272;-33.1767;
0.0801272;-33.1767;
0.0802272;-33.1767;
0.0803272;-33.1767;
0.0804272;-33.1767;
0.0805272;-33.1767;
0.0806272;-33.1767;
0.0807272;-33.1767;
0.0808272;-33.1767;
0.0809272;-33.1767;
0.0810272;-33.1767;
0.0811272;-33.1767;
0.0812272;-33.1767;
0.0813272;-33.1767;
0.0814272;-33.1767;
0.0815272;-33.1767;
0.0816272;-33.1767;
0.0817272;-33.1767;
0.0818272;-33.1767;
0.0819272;-33.1767;
0.0820272;-33.1767;
0.0821272;-33.1767;
0.0822272;-33.1767;
0.0823272;-33.1767;
0.0824272;-33.1767;
0.0825272;-33.1767;
0.0826272;-33.1767;
0.0827272;-33.1767;
0.0828272;-33.1767;
0.0829272;-33.1767;
0.0830272;-33.1767;
0.0831272;-33.1767;
0.0832272;-33.1767;
0.0833272;-33.1767;
0.0834272;-33.1767;
0.0835272;-33.1767;
0.0836272;-33.1767;
0.0837272;-33.1767;
0.0838272;-33.1767;
0.0839272;-33.1767;
0.0840272;-33.1767;
0.0841272;-33.1767;
0.0842272;-33.1767;
0.0843272;-33.1767;
0.0844272;-33.1767;
0.0845272;-33.1767;
0.0846272;-33.1767;
0.0847272;-33.1767;
0.0848272;-33.1767;
0.0849272;-33.1767;
0.0850272;-33.1767;
0.0851272;-33.1767;
0.0852272;-33.1767;
0.0853272;-33.1767;
0.0854272;-33.1767;
0.0855272;-33.1767;
0.0856272;-33.1767;
0.0857272;-33.1767;
0.0858272;-33.1767;
0.0859272;-33.1767;
0.0860272;-33.1767;
0.0861272;-33.1767;
0.0862272;-33.1767;
0.0863272;-33.1767;
0.0864272;-33.1767;
0.0865272;-33.1767;
0.0866272;-33.1767;
0.0867272;-33.1767;
0.0868272;-33.1767;
0.0869272;-33.1767;
0.0870272;-33.1767;
0.0871272;-33.1767;
0.0872272;-33.1767;
0.0873272;-33.1767;
0.0874272;-33.1772;
0.0875272;-33.1782;
0.0876272;-33.179;
0.0877272;-33.1791;
0.0878272;-33.1791;
0.0879272;-33.1791;
0.0880272;-33.1791;
0.0881272;-33.1791;
0.0882272;-33.1791;
0.0883272;-33.1791;
0.0884272;-33.1791;
0.0885272;-33.1791;
0.0886272;-33.1791;
0.0887272;-33.1791;
0.0888272;-33.1791;
0.0889272;-33.1791;
0.0890272;-33.1791;
0.0891272;-33.1791;
0.0892272;-33.1791;
0.0893272;-33.1791;
0.0894272;-33.1791;
0.0895272;-33.1791;
0.0896272;-33.1791;
0.0897272;-33.1791;
0.0898272;-33.1791;
0.0899272;-33.1791;
0.0900272;-33.1791;
0.0901272;-33.1791;
0.0902272;-33.1791;
0.0903272;-33.1791;
0.0904272;-33.1791;
0.0905272;-33.1791;
0.0906272;-33.1791;
0.0907272;-33.1791;
0.0908272;-33.1791;
0.0909272;-33.1791;
0.0910272;-33.1791;
0.0911272;-33.1791;
0.0912272;-33.1791;
0.0913272;-33.1791;
0.0914272;-33.1791;
0.0915272;-33.1791;
0.0916272;-33.1791;
0.0917272;-33.1791;
0.0918272;-33.1791;
0.0919272;-33.1791;
0.0920272;-33.1791;
0.0921272;-33.1791;
0.0922272;-33.1791;
0.0923272;-33.1791;
0.0924272;-33.1791;
0.0925272;-33.1791;
0.0926272;-33.1791;
0.0927272;-33.1791;
0.0928272;-33.1791;
0.0929272;-33.1791;
0.0930272;-33.1791;
0.0931272;-33.1791;
0.0932272;-33.1791;
0.0933272;-33.1791;
0.0934272;-33.1791;
0.0935272;-33.1791;
0.0936272;-33.1791;
0.0937272;-33.1791;
0.0938272;-33.1791;
0.0939272;-33.1791;
0.0940272;-33.1791;
0.0941272;-33.1791;
0.0942272;-33.1791;
0.0943272;-33.1791;
0.0944272;-33.1791;
0.0945272;-33.1791;
0.0946272;-33.1791;
0.0947272;-33.1791;
0.0948272;-33.1791;
0.0949272;-33.1791;
0.0950272;-33.1791;
0.0951272;-33.1791;
0.0952272;-33.1791;
0.0953272;-33.1791;
0.0954272;-33.1791;
0.0955272;-33.1791;
0.0956272;-33.1791;
0.0957272;-33.1794;
0.0958272;-33.1802;
0.0959272;-33.1811;
0.0960272;-33.1813;
0.0961272;-33.1814;
0.0962272;-33.1814;
0.0963272;-33.1814;
0.0964272;-33.1814;
0.0965272;-33.1814;
0.0966272;-33.1814;
0.0967272;-33.1814;
0.0968272;-33.1814;
0.0969272;-33.1814;
0.0970272;-33.1814;
0.0971272;-33.1814;
0.0972272;-33.1814;
0.0973272;-33.1814;
0.0974272;-33.1814;
0.0975272;-33.1814;
0.0976272;-33.1814;
0.0977272;-33.1814;
0.0978272;-33.1814;
0.0979272;-33.1814;
0.0980272;-33.1814;
0.0981272;-33.1814;
0.0982272;-33.1814;
0.0983272;-33.1814;
0.0984272;-33.1814;
0.0985272;-33.1814;
0.0986272;-33.1814;
0.0987272;-33.1814;
0.0988272;-33.1814;
0.0989272;-33.1814;
0.0990272;-33.1814;
0.0991272;-33.1814;
0.0992272;-33.1814;
0.0993272;-33.1814;
0.0994272;-33.1814;
0.0995272;-33.1814;
0.0996272;-33.1814;
0.0997272;-33.1814;
0.0998272;-33.1814;
0.0999136;-33.1814;
0.1;-33.1814;
