time;V(Net-_J3-Pin_1_);
0;1;
1e-06;1;
2e-06;1;
4e-06;1;
8e-06;1;
1.6e-05;1;
2.52236e-05;1;
3.45031e-05;1;
4.36478e-05;1;
5.29497e-05;0.999999;
6.22666e-05;0.999881;
7.16338e-05;0.992792;
8.10874e-05;0.952445;
9.17421e-05;0.882438;
0.000111216;0.758951;
0.000129573;0.640982;
0.000166287;0.406921;
0.000239714;-0.0618549;
0.000339714;-0.69746;
0.000439714;-1.33068;
0.000539714;-1.95932;
0.000639714;-2.58368;
0.000739714;-3.20176;
0.000839714;-3.81372;
0.000939714;-4.41774;
0.00103971;-5.01384;
0.00113971;-5.60034;
0.00123971;-6;
0.00133971;-6;
0.00143971;-6;
0.00145221;-6;
0.00147721;-6;
0.00152721;-6;
0.00162721;-6;
0.00172721;-6;
0.00182721;-6;
0.00192721;-6;
0.00202721;-6;
0.00212721;-6;
0.00222721;-6;
0.00232721;-6;
0.00242721;-6;
0.00252721;-6;
0.00262721;-6;
0.00272721;-6;
0.00282721;-6;
0.00292721;-6;
0.00302721;-6;
0.00312721;-6;
0.00322721;-6;
0.00332721;-6;
0.00342721;-6;
0.00352721;-6;
0.00362721;-6;
0.00372721;-6;
0.00382721;-6;
0.00392721;-6;
0.00402721;-6;
0.00412721;-6;
0.00422721;-6;
0.00432721;-6;
0.00442721;-6;
0.00452721;-6;
0.00462721;-6;
0.00472721;-6;
0.00482721;-6;
0.00492721;-6;
0.00502721;-6;
0.00512721;-6;
0.00522721;-6;
0.00532721;-6;
0.00542721;-6;
0.00552721;-6;
0.00562721;-6;
0.00572721;-6;
0.00582721;-6;
0.00592721;-6;
0.00602721;-6;
0.00612721;-6;
0.00622721;-6;
0.00632721;-6;
0.00642721;-6;
0.00652721;-6;
0.00662721;-6;
0.00672721;-6;
0.00682721;-6;
0.00692721;-6;
0.00702721;-6;
0.00712721;-6;
0.00722721;-6;
0.00732721;-6;
0.00742721;-6;
0.00752721;-6;
0.00762721;-6;
0.00772721;-6;
0.00782721;-6;
0.00792721;-6;
0.00802721;-6;
0.00812721;-6;
0.00822721;-6;
0.00832721;-6;
0.00842721;-6;
0.00852721;-6;
0.00862721;-6;
0.00872721;-6;
0.00882721;-6;
0.00892721;-6;
0.00902721;-6;
0.00912721;-6;
0.00922721;-6;
0.00932721;-6;
0.00942721;-6;
0.00952721;-6;
0.00962721;-6;
0.00972721;-6;
0.00982721;-6;
0.00992721;-6;
0.0100272;-6;
0.0101272;-6;
0.0102272;-6;
0.0103272;-6;
0.0104272;-6;
0.0105272;-6;
0.0106272;-6;
0.0107272;-6;
0.0108272;-6;
0.0109272;-6;
0.0110272;-6;
0.0111272;-6;
0.0112272;-6;
0.0113272;-6;
0.0114272;-6;
0.0115272;-6;
0.0116272;-6;
0.0117272;-6;
0.0118272;-6;
0.0119272;-6;
0.0120272;-6;
0.0121272;-6;
0.0122272;-6;
0.0123272;-6;
0.0124272;-6;
0.0125272;-6;
0.0126272;-6;
0.0127272;-6;
0.0128272;-6;
0.0129272;-6;
0.0130272;-6;
0.0131272;-6;
0.0132272;-6;
0.0133272;-6;
0.0134272;-6;
0.0135272;-6;
0.0136272;-6;
0.0137272;-6;
0.0138272;-6;
0.0139272;-6;
0.0140272;-6;
0.0141272;-6;
0.0142272;-6;
0.0143272;-6;
0.0144272;-6;
0.0145272;-6;
0.0146272;-6;
0.0147272;-6;
0.0148272;-6;
0.0149272;-6;
0.0150272;-6;
0.0151272;-6;
0.0152272;-6;
0.0153272;-6;
0.0154272;-6;
0.0155272;-6;
0.0156272;-6;
0.0157272;-6;
0.0158272;-6;
0.0159272;-6;
0.0160272;-6;
0.0161272;-6;
0.0162272;-6;
0.0163272;-6;
0.0164272;-6;
0.0165272;-6;
0.0166272;-6;
0.0167272;-6;
0.0168272;-6;
0.0169272;-6;
0.0170272;-6;
0.0171272;-6;
0.0172272;-6;
0.0173272;-6;
0.0174272;-6;
0.0175272;-6;
0.0176272;-6;
0.0177272;-6;
0.0178272;-6;
0.0179272;-6;
0.0180272;-6;
0.0181272;-6;
0.0182272;-6;
0.0183272;-6;
0.0184272;-6;
0.0185272;-6;
0.0186272;-6;
0.0187272;-6;
0.0188272;-6;
0.0189272;-6;
0.0190272;-6;
0.0191272;-6;
0.0192272;-6;
0.0193272;-6;
0.0194272;-6;
0.0195272;-6;
0.0196272;-6;
0.0197272;-6;
0.0198272;-6;
0.0199272;-6;
0.0200272;-6;
0.0201272;-6;
0.0202272;-6;
0.0203272;-6;
0.0204272;-6;
0.0205272;-6;
0.0206272;-6;
0.0207272;-6;
0.0208272;-6;
0.0209272;-6;
0.0210272;-6;
0.0211272;-6;
0.0212272;-6;
0.0213272;-6;
0.0214272;-6;
0.0215272;-6;
0.0216272;-6;
0.0217272;-6;
0.0218272;-6;
0.0219272;-6;
0.0220272;-6;
0.0221272;-6;
0.0222272;-6;
0.0223272;-6;
0.0224272;-6;
0.0225272;-6;
0.0226272;-6;
0.0227272;-6;
0.0228272;-6;
0.0229272;-6;
0.0230272;-6;
0.0231272;-6;
0.0232272;-6;
0.0233272;-6;
0.0234272;-6;
0.0235272;-6;
0.0236272;-6;
0.0237272;-6;
0.0238272;-6;
0.0239272;-6;
0.0240272;-6;
0.0241272;-6;
0.0242272;-6;
0.0243272;-6;
0.0244272;-6;
0.0245272;-6;
0.0246272;-6;
0.0247272;-6;
0.0248272;-6;
0.0249272;-6;
0.0250272;-6;
0.0251272;-6;
0.0252272;-6;
0.0253272;-6;
0.0254272;-6;
0.0255272;-6;
0.0256272;-6;
0.0257272;-6;
0.0258272;-6;
0.0259272;-6;
0.0260272;-6;
0.0261272;-6;
0.0262272;-6;
0.0263272;-6;
0.0264272;-6;
0.0265272;-6;
0.0266272;-6;
0.0267272;-6;
0.0268272;-6;
0.0269272;-6;
0.0270272;-6;
0.0271272;-6;
0.0272272;-6;
0.0273272;-6;
0.0274272;-6;
0.0275272;-6;
0.0276272;-6;
0.0277272;-6;
0.0278272;-6;
0.0279272;-6;
0.0280272;-6;
0.0281272;-6;
0.0282272;-6;
0.0283272;-6;
0.0284272;-6;
0.0285272;-6;
0.0286272;-6;
0.0287272;-6;
0.0288272;-6;
0.0289272;-6;
0.0290272;-6;
0.0291272;-6;
0.0292272;-6;
0.0293272;-6;
0.0294272;-6;
0.0295272;-6;
0.0296272;-6;
0.0297272;-6;
0.0298272;-6;
0.0299272;-6;
0.0300272;-6;
0.0301272;-6;
0.0302272;-6;
0.0303272;-6;
0.0304272;-6;
0.0305272;-6;
0.0306272;-6;
0.0307272;-6;
0.0308272;-6;
0.0309272;-6;
0.0310272;-6;
0.0311272;-6;
0.0312272;-6;
0.0313272;-6;
0.0314272;-6;
0.0315272;-6;
0.0316272;-6;
0.0317272;-6;
0.0318272;-6;
0.0319272;-6;
0.0320272;-6;
0.0321272;-6;
0.0322272;-6;
0.0323272;-6;
0.0324272;-6;
0.0325272;-6;
0.0326272;-6;
0.0327272;-6;
0.0328272;-6;
0.0329272;-6;
0.0330272;-6;
0.0331272;-6;
0.0332272;-6;
0.0333272;-6;
0.0334272;-6;
0.0335272;-6;
0.0336272;-6;
0.0337272;-6;
0.0338272;-6;
0.0339272;-6;
0.0340272;-6;
0.0341272;-6;
0.0342272;-6;
0.0343272;-6;
0.0344272;-6;
0.0345272;-6;
0.0346272;-6;
0.0347272;-6;
0.0348272;-6;
0.0349272;-6;
0.0350272;-6;
0.0351272;-6;
0.0352272;-6;
0.0353272;-6;
0.0354272;-6;
0.0355272;-6;
0.0356272;-6;
0.0357272;-6;
0.0358272;-6;
0.0359272;-6;
0.0360272;-6;
0.0361272;-6;
0.0362272;-6;
0.0363272;-6;
0.0364272;-6;
0.0365272;-6;
0.0366272;-6;
0.0367272;-6;
0.0368272;-6;
0.0369272;-6;
0.0370272;-6;
0.0371272;-6;
0.0372272;-6;
0.0373272;-6;
0.0374272;-6;
0.0375272;-6;
0.0376272;-6;
0.0377272;-6;
0.0378272;-6;
0.0379272;-6;
0.0380272;-6;
0.0381272;-6;
0.0382272;-6;
0.0383272;-6;
0.0384272;-6;
0.0385272;-6;
0.0386272;-6;
0.0387272;-6;
0.0388272;-6;
0.0389272;-6;
0.0390272;-6;
0.0391272;-6;
0.0392272;-6;
0.0393272;-6;
0.0394272;-6;
0.0395272;-6;
0.0396272;-6;
0.0397272;-6;
0.0398272;-6;
0.0399272;-6;
0.0400272;-6;
0.0401272;-6;
0.0402272;-6;
0.0403272;-6;
0.0404272;-6;
0.0405272;-6;
0.0406272;-6;
0.0407272;-6;
0.0408272;-6;
0.0409272;-6;
0.0410272;-6;
0.0411272;-6;
0.0412272;-6;
0.0413272;-6;
0.0414272;-6;
0.0415272;-6;
0.0416272;-6;
0.0417272;-6;
0.0418272;-6;
0.0419272;-6;
0.0420272;-6;
0.0421272;-6;
0.0422272;-6;
0.0423272;-6;
0.0424272;-6;
0.0425272;-6;
0.0426272;-6;
0.0427272;-6;
0.0428272;-6;
0.0429272;-6;
0.0430272;-6;
0.0431272;-6;
0.0432272;-6;
0.0433272;-6;
0.0434272;-6;
0.0435272;-6;
0.0436272;-6;
0.0437272;-6;
0.0438272;-6;
0.0439272;-6;
0.0440272;-6;
0.0441272;-6;
0.0442272;-6;
0.0443272;-6;
0.0444272;-6;
0.0445272;-6;
0.0446272;-6;
0.0447272;-6;
0.0448272;-6;
0.0449272;-6;
0.0450272;-6;
0.0451272;-6;
0.0452272;-6;
0.0453272;-6;
0.0454272;-6;
0.0455272;-6;
0.0456272;-6;
0.0457272;-6;
0.0458272;-6;
0.0459272;-6;
0.0460272;-6;
0.0461272;-6;
0.0462272;-6;
0.0463272;-6;
0.0464272;-6;
0.0465272;-6;
0.0466272;-6;
0.0467272;-6;
0.0468272;-6;
0.0469272;-6;
0.0470272;-6;
0.0471272;-6;
0.0472272;-6;
0.0473272;-6;
0.0474272;-6;
0.0475272;-6;
0.0476272;-6;
0.0477272;-6;
0.0478272;-6;
0.0479272;-6;
0.0480272;-6;
0.0481272;-6;
0.0482272;-6;
0.0483272;-6;
0.0484272;-6;
0.0485272;-6;
0.0486272;-6;
0.0487272;-6;
0.0488272;-6;
0.0489272;-6;
0.0490272;-6;
0.0491272;-6;
0.0492272;-6;
0.0493272;-6;
0.0494272;-6;
0.0495272;-6;
0.0496272;-6;
0.0497272;-6;
0.0498272;-6;
0.0499272;-6;
0.0500272;-6;
0.0501272;-6;
0.0502272;-6;
0.0503272;-6;
0.0504272;-6;
0.0505272;-6;
0.0506272;-6;
0.0507272;-6;
0.0508272;-6;
0.0509272;-6;
0.0510272;-6;
0.0511272;-6;
0.0512272;-6;
0.0513272;-6;
0.0514272;-6;
0.0515272;-6;
0.0516272;-6;
0.0517272;-6;
0.0518272;-6;
0.0519272;-6;
0.0520272;-6;
0.0521272;-6;
0.0522272;-6;
0.0523272;-6;
0.0524272;-6;
0.0525272;-6;
0.0526272;-6;
0.0527272;-6;
0.0528272;-6;
0.0529272;-6;
0.0530272;-6;
0.0531272;-6;
0.0532272;-6;
0.0533272;-6;
0.0534272;-6;
0.0535272;-6;
0.0536272;-6;
0.0537272;-6;
0.0538272;-6;
0.0539272;-6;
0.0540272;-6;
0.0541272;-6;
0.0542272;-6;
0.0543272;-6;
0.0544272;-6;
0.0545272;-6;
0.0546272;-6;
0.0547272;-6;
0.0548272;-6;
0.0549272;-6;
0.0550272;-6;
0.0551272;-6;
0.0552272;-6;
0.0553272;-6;
0.0554272;-6;
0.0555272;-6;
0.0556272;-6;
0.0557272;-6;
0.0558272;-6;
0.0559272;-6;
0.0560272;-6;
0.0561272;-6;
0.0562272;-6;
0.0563272;-6;
0.0564272;-6;
0.0565272;-6;
0.0566272;-6;
0.0567272;-6;
0.0568272;-6;
0.0569272;-6;
0.0570272;-6;
0.0571272;-6;
0.0572272;-6;
0.0573272;-6;
0.0574272;-6;
0.0575272;-6;
0.0576272;-6;
0.0577272;-6;
0.0578272;-6;
0.0579272;-6;
0.0580272;-6;
0.0581272;-6;
0.0582272;-6;
0.0583272;-6;
0.0584272;-6;
0.0585272;-6;
0.0586272;-6;
0.0587272;-6;
0.0588272;-6;
0.0589272;-6;
0.0590272;-6;
0.0591272;-6;
0.0592272;-6;
0.0593272;-6;
0.0594272;-6;
0.0595272;-6;
0.0596272;-6;
0.0597272;-6;
0.0598272;-6;
0.0599272;-6;
0.0600272;-6;
0.0601272;-6;
0.0602272;-6;
0.0603272;-6;
0.0604272;-6;
0.0605272;-6;
0.0606272;-6;
0.0607272;-6;
0.0608272;-6;
0.0609272;-6;
0.0610272;-6;
0.0611272;-6;
0.0612272;-6;
0.0613272;-6;
0.0614272;-6;
0.0615272;-6;
0.0616272;-6;
0.0617272;-6;
0.0618272;-6;
0.0619272;-6;
0.0620272;-6;
0.0621272;-6;
0.0622272;-6;
0.0623272;-6;
0.0624272;-6;
0.0625272;-6;
0.0626272;-6;
0.0627272;-6;
0.0628272;-6;
0.0629272;-6;
0.0630272;-6;
0.0631272;-6;
0.0632272;-6;
0.0633272;-6;
0.0634272;-6;
0.0635272;-6;
0.0636272;-6;
0.0637272;-6;
0.0638272;-6;
0.0639272;-6;
0.0640272;-6;
0.0641272;-6;
0.0642272;-6;
0.0643272;-6;
0.0644272;-6;
0.0645272;-6;
0.0646272;-6;
0.0647272;-6;
0.0648272;-6;
0.0649272;-6;
0.0650272;-6;
0.0651272;-6;
0.0652272;-6;
0.0653272;-6;
0.0654272;-6;
0.0655272;-6;
0.0656272;-6;
0.0657272;-6;
0.0658272;-6;
0.0659272;-6;
0.0660272;-6;
0.0661272;-6;
0.0662272;-6;
0.0663272;-6;
0.0664272;-6;
0.0665272;-6;
0.0666272;-6;
0.0667272;-6;
0.0668272;-6;
0.0669272;-6;
0.0670272;-6;
0.0671272;-6;
0.0672272;-6;
0.0673272;-6;
0.0674272;-6;
0.0675272;-6;
0.0676272;-6;
0.0677272;-6;
0.0678272;-6;
0.0679272;-6;
0.0680272;-6;
0.0681272;-6;
0.0682272;-6;
0.0683272;-6;
0.0684272;-6;
0.0685272;-6;
0.0686272;-6;
0.0687272;-6;
0.0688272;-6;
0.0689272;-6;
0.0690272;-6;
0.0691272;-6;
0.0692272;-6;
0.0693272;-6;
0.0694272;-6;
0.0695272;-6;
0.0696272;-6;
0.0697272;-6;
0.0698272;-6;
0.0699272;-6;
0.0700272;-6;
0.0701272;-6;
0.0702272;-6;
0.0703272;-6;
0.0704272;-6;
0.0705272;-6;
0.0706272;-6;
0.0707272;-6;
0.0708272;-6;
0.0709272;-6;
0.0710272;-6;
0.0711272;-6;
0.0712272;-6;
0.0713272;-6;
0.0714272;-6;
0.0715272;-6;
0.0716272;-6;
0.0717272;-6;
0.0718272;-6;
0.0719272;-6;
0.0720272;-6;
0.0721272;-6;
0.0722272;-6;
0.0723272;-6;
0.0724272;-6;
0.0725272;-6;
0.0726272;-6;
0.0727272;-6;
0.0728272;-6;
0.0729272;-6;
0.0730272;-6;
0.0731272;-6;
0.0732272;-6;
0.0733272;-6;
0.0734272;-6;
0.0735272;-6;
0.0736272;-6;
0.0737272;-6;
0.0738272;-6;
0.0739272;-6;
0.0740272;-6;
0.0741272;-6;
0.0742272;-6;
0.0743272;-6;
0.0744272;-6;
0.0745272;-6;
0.0746272;-6;
0.0747272;-6;
0.0748272;-6;
0.0749272;-6;
0.0750272;-6;
0.0751272;-6;
0.0752272;-6;
0.0753272;-6;
0.0754272;-6;
0.0755272;-6;
0.0756272;-6;
0.0757272;-6;
0.0758272;-6;
0.0759272;-6;
0.0760272;-6;
0.0761272;-6;
0.0762272;-6;
0.0763272;-6;
0.0764272;-6;
0.0765272;-6;
0.0766272;-6;
0.0767272;-6;
0.0768272;-6;
0.0769272;-6;
0.0770272;-6;
0.0771272;-6;
0.0772272;-6;
0.0773272;-6;
0.0774272;-6;
0.0775272;-6;
0.0776272;-6;
0.0777272;-6;
0.0778272;-6;
0.0779272;-6;
0.0780272;-6;
0.0781272;-6;
0.0782272;-6;
0.0783272;-6;
0.0784272;-6;
0.0785272;-6;
0.0786272;-6;
0.0787272;-6;
0.0788272;-6;
0.0789272;-6;
0.0790272;-6;
0.0791272;-6;
0.0792272;-6;
0.0793272;-6;
0.0794272;-6;
0.0795272;-6;
0.0796272;-6;
0.0797272;-6;
0.0798272;-6;
0.0799272;-6;
0.0800272;-6;
0.0801272;-6;
0.0802272;-6;
0.0803272;-6;
0.0804272;-6;
0.0805272;-6;
0.0806272;-6;
0.0807272;-6;
0.0808272;-6;
0.0809272;-6;
0.0810272;-6;
0.0811272;-6;
0.0812272;-6;
0.0813272;-6;
0.0814272;-6;
0.0815272;-6;
0.0816272;-6;
0.0817272;-6;
0.0818272;-6;
0.0819272;-6;
0.0820272;-6;
0.0821272;-6;
0.0822272;-6;
0.0823272;-6;
0.0824272;-6;
0.0825272;-6;
0.0826272;-6;
0.0827272;-6;
0.0828272;-6;
0.0829272;-6;
0.0830272;-6;
0.0831272;-6;
0.0832272;-6;
0.0833272;-6;
0.0834272;-6;
0.0835272;-6;
0.0836272;-6;
0.0837272;-6;
0.0838272;-6;
0.0839272;-6;
0.0840272;-6;
0.0841272;-6;
0.0842272;-6;
0.0843272;-6;
0.0844272;-6;
0.0845272;-6;
0.0846272;-6;
0.0847272;-6;
0.0848272;-6;
0.0849272;-6;
0.0850272;-6;
0.0851272;-6;
0.0852272;-6;
0.0853272;-6;
0.0854272;-6;
0.0855272;-6;
0.0856272;-6;
0.0857272;-6;
0.0858272;-6;
0.0859272;-6;
0.0860272;-6;
0.0861272;-6;
0.0862272;-6;
0.0863272;-6;
0.0864272;-6;
0.0865272;-6;
0.0866272;-6;
0.0867272;-6;
0.0868272;-6;
0.0869272;-6;
0.0870272;-6;
0.0871272;-6;
0.0872272;-6;
0.0873272;-6;
0.0874272;-6;
0.0875272;-6;
0.0876272;-6;
0.0877272;-6;
0.0878272;-6;
0.0879272;-6;
0.0880272;-6;
0.0881272;-6;
0.0882272;-6;
0.0883272;-6;
0.0884272;-6;
0.0885272;-6;
0.0886272;-6;
0.0887272;-6;
0.0888272;-6;
0.0889272;-6;
0.0890272;-6;
0.0891272;-6;
0.0892272;-6;
0.0893272;-6;
0.0894272;-6;
0.0895272;-6;
0.0896272;-6;
0.0897272;-6;
0.0898272;-6;
0.0899272;-6;
0.0900272;-6;
0.0901272;-6;
0.0902272;-6;
0.0903272;-6;
0.0904272;-6;
0.0905272;-6;
0.0906272;-6;
0.0907272;-6;
0.0908272;-6;
0.0909272;-6;
0.0910272;-6;
0.0911272;-6;
0.0912272;-6;
0.0913272;-6;
0.0914272;-6;
0.0915272;-6;
0.0916272;-6;
0.0917272;-6;
0.0918272;-6;
0.0919272;-6;
0.0920272;-6;
0.0921272;-6;
0.0922272;-6;
0.0923272;-6;
0.0924272;-6;
0.0925272;-6;
0.0926272;-6;
0.0927272;-6;
0.0928272;-6;
0.0929272;-6;
0.0930272;-6;
0.0931272;-6;
0.0932272;-6;
0.0933272;-6;
0.0934272;-6;
0.0935272;-6;
0.0936272;-6;
0.0937272;-6;
0.0938272;-6;
0.0939272;-6;
0.0940272;-6;
0.0941272;-6;
0.0942272;-6;
0.0943272;-6;
0.0944272;-6;
0.0945272;-6;
0.0946272;-6;
0.0947272;-6;
0.0948272;-6;
0.0949272;-6;
0.0950272;-6;
0.0951272;-6;
0.0952272;-6;
0.0953272;-6;
0.0954272;-6;
0.0955272;-6;
0.0956272;-6;
0.0957272;-6;
0.0958272;-6;
0.0959272;-6;
0.0960272;-6;
0.0961272;-6;
0.0962272;-6;
0.0963272;-6;
0.0964272;-6;
0.0965272;-6;
0.0966272;-6;
0.0967272;-6;
0.0968272;-6;
0.0969272;-6;
0.0970272;-6;
0.0971272;-6;
0.0972272;-6;
0.0973272;-6;
0.0974272;-6;
0.0975272;-6;
0.0976272;-6;
0.0977272;-6;
0.0978272;-6;
0.0979272;-6;
0.0980272;-6;
0.0981272;-6;
0.0982272;-6;
0.0983272;-6;
0.0984272;-6;
0.0985272;-6;
0.0986272;-6;
0.0987272;-6;
0.0988272;-6;
0.0989272;-6;
0.0990272;-6;
0.0991272;-6;
0.0992272;-6;
0.0993272;-6;
0.0994272;-6;
0.0995272;-6;
0.0996272;-6;
0.0997272;-6;
0.0998272;-6;
0.0999136;-6;
0.1;-6;
